PLAYER,GP,MIN,PTS,REB,AST,STL,BLK,FG_PCT,FG3_PCT,FT_PCT,TOV
A.J. Lawson,34.0,13.05,6.15,2.25,0.85,0.35,0.15000000000000002,0.4335,0.2935,0.6675,0.44999999999999996
AJ Green,54.666666666666664,14.533333333333333,5.433333333333334,1.5999999999999999,0.8666666666666667,0.3,0.06666666666666667,0.42533333333333334,0.418,0.9033333333333333,0.3333333333333333
AJ Griffin,46.0,14.0,5.65,1.5,0.65,0.35,0.15000000000000002,0.3775,0.323,0.9470000000000001,0.5
AJ Johnson,29.0,22.0,7.6,2.0,2.6,0.4,0.1,0.385,0.267,0.865,1.2
Aaron Gordon,63.4,29.9,14.459999999999999,5.9,3.08,0.6799999999999999,0.6,0.5268,0.34859999999999997,0.6940000000000001,1.5799999999999998
Aaron Holiday,66.4,15.3,5.9,1.46,1.7600000000000002,0.5599999999999999,0.16,0.4276,0.3882,0.8562,0.8
Aaron Nesmith,57.6,20.6,8.559999999999999,3.22,0.9800000000000001,0.64,0.38,0.45280000000000004,0.3712,0.8252,0.76
Aaron Wiggins,68.5,20.325,8.5,3.225,1.35,0.675,0.2,0.5062500000000001,0.393,0.7949999999999999,0.875
Abdel Nader,24.0,14.8,6.7,2.6,0.8,0.4,0.4,0.491,0.419,0.757,0.8
Adam Flagler,37.0,5.5,1.8,0.7,0.3,0.2,0.1,0.26,0.194,0.5,0.1
Adem Bona,58.0,15.6,5.8,4.2,0.5,0.4,1.2,0.703,0.0,0.67,1.1
Admiral Schofield,32.666666666666664,9.4,3.033333333333333,1.5666666666666664,0.6,0.10000000000000002,0.06666666666666667,0.4183333333333333,0.3426666666666667,0.5710000000000001,0.39999999999999997
Ajay Mitchell,36.0,16.6,6.5,1.9,1.8,0.7,0.1,0.495,0.383,0.829,0.8
Al Horford,57.0,28.380000000000003,10.36,6.640000000000001,2.9,0.6599999999999999,1.02,0.4654,0.38639999999999997,0.8272,0.8
Al-Farouq Aminu,23.0,18.9,4.4,4.8,1.3,0.8,0.4,0.384,0.216,0.818,1.2
Alec Burks,59.2,22.44,10.98,3.4799999999999995,1.9600000000000002,0.6599999999999999,0.22000000000000003,0.40800000000000003,0.40679999999999994,0.8272,0.9
Aleksej Pokusevski,42.0,19.875,7.2749999999999995,4.45,1.875,0.525,0.825,0.397,0.31525000000000003,0.69975,1.425
Alex Caruso,58.2,24.1,7.32,3.22,3.1399999999999997,1.52,0.6,0.44060000000000005,0.3718,0.7664,1.1800000000000002
Alex Ducas,21.0,6.0,1.7,1.2,0.2,0.2,0.0,0.4,0.476,1.0,0.2
Alex Len,44.6,11.0,3.6799999999999997,3.0599999999999996,0.86,0.24,0.64,0.5614,0.1656,0.6054,0.72
Alex Sarr,67.0,27.1,13.0,6.5,2.4,0.7,1.5,0.394,0.308,0.679,1.7
Alfonzo McKinnie,39.0,6.6,3.1,1.4,0.2,0.2,0.0,0.516,0.41,0.556,0.1
Alize Johnson,23.0,7.3,1.8,2.7,0.4,0.2,0.0,0.436,0.0,0.583,0.5
Alperen Sengun,71.5,28.4,16.15,8.525,4.1,1.0,0.825,0.515,0.27775,0.70275,2.45
Amen Thompson,65.5,27.349999999999998,11.8,7.3999999999999995,3.2,1.35,0.95,0.5465,0.20650000000000002,0.684,1.75
Amir Coffey,61.0,17.880000000000003,6.38,1.86,1.12,0.41999999999999993,0.12000000000000002,0.4438,0.3706,0.8204,0.5
Andre Drummond,61.0,19.06,8.9,8.940000000000001,1.1400000000000001,1.02,0.7,0.545,0.03,0.5748,1.56
Andre Iguodala,47.0,20.35,4.2,3.35,3.0,0.9,0.6499999999999999,0.3815,0.28,0.704,1.0
Andre Jackson Jr.,62.0,12.3,2.8,2.35,1.05,0.4,0.15000000000000002,0.4885,0.3825,0.6134999999999999,0.7
Andrew Nembhard,69.33333333333333,27.166666666666668,9.566666666666666,2.6999999999999997,4.533333333333333,1.0,0.16666666666666666,0.4656666666666667,0.33266666666666667,0.7959999999999999,1.6333333333333335
Andrew Wiggins,62.4,31.02,16.82,4.68,2.2399999999999998,0.9400000000000001,0.78,0.46340000000000003,0.3802,0.6946,1.5
Anfernee Simons,59.8,29.78,17.62,2.74,3.94,0.58,0.12000000000000002,0.433,0.3912,0.8814,1.9
Anthony Black,73.5,20.549999999999997,7.0,2.45,2.2,0.8,0.44999999999999996,0.4445,0.356,0.687,1.3
Anthony Davis,51.8,34.06,24.06,10.9,3.16,1.2,2.08,0.5316,0.2512,0.7652,2.14
Anthony Edwards,76.2,34.739999999999995,23.740000000000002,5.279999999999999,4.14,1.34,0.58,0.445,0.3614,0.7982,2.88
Anthony Gill,46.0,9.32,3.3599999999999994,1.7600000000000002,0.52,0.22000000000000003,0.18,0.513,0.30700000000000005,0.7636000000000001,0.33999999999999997
Anthony Lamb,43.0,18.3,6.1,3.2,1.25,0.4,0.25,0.4305,0.34550000000000003,0.812,0.8500000000000001
Antonio Reeves,44.0,15.0,6.9,1.4,0.9,0.5,0.1,0.456,0.395,0.8,0.7
Ariel Hukporti,25.0,8.7,1.9,2.0,0.4,0.0,0.6,0.677,0.0,0.462,0.8
Armoni Brooks,37.0,20.8,8.25,2.65,1.3,0.55,0.25,0.37250000000000005,0.3395,0.72,0.8
Aron Baynes,53.0,18.5,6.1,5.2,0.9,0.3,0.4,0.441,0.262,0.707,0.9
Ausar Thompson,61.0,23.8,9.45,5.75,2.0999999999999996,1.4,0.8,0.509,0.20500000000000002,0.619,1.35
Austin Reaves,70.0,29.75,14.1,3.75,4.125,0.7250000000000001,0.3,0.48350000000000004,0.36475,0.85825,1.6749999999999998
Austin Rivers,51.666666666666664,21.7,6.266666666666667,1.8666666666666665,1.6666666666666667,0.7000000000000001,0.10000000000000002,0.42533333333333334,0.35366666666666663,0.7353333333333333,0.7333333333333334
Avery Bradley,44.5,22.5,6.4,2.1500000000000004,1.25,0.8500000000000001,0.1,0.39849999999999997,0.35850000000000004,0.8445,0.8
Ayo Dosunmu,69.75,28.25,10.475,2.9749999999999996,3.4,0.8500000000000001,0.4,0.5015000000000001,0.35475,0.76975,1.375
Bam Adebayo,68.8,33.8,19.119999999999997,9.66,4.04,1.24,0.8400000000000001,0.5346,0.20939999999999998,0.7756000000000001,2.42
Baylor Scheierman,31.0,12.4,3.6,2.1,1.1,0.5,0.1,0.355,0.317,0.75,0.4
Ben McLemore,58.5,18.6,8.95,1.75,0.8,0.5,0.2,0.3855,0.354,0.7769999999999999,0.8500000000000001
Ben Sheppard,60.0,16.9,4.85,2.2,1.1,0.6,0.1,0.40549999999999997,0.328,0.887,0.3
Ben Simmons,50.333333333333336,26.900000000000002,8.733333333333334,6.066666666666666,6.2,1.2,0.5666666666666667,0.5476666666666666,0.09999999999999999,0.593,2.433333333333333
Bennedict Mathurin,69.66666666666667,28.166666666666668,15.766666666666666,4.466666666666666,1.8,0.6333333333333333,0.2333333333333333,0.446,0.3456666666666666,0.8266666666666667,1.8
Bilal Coulibaly,61.0,30.1,10.350000000000001,4.55,2.55,1.1,0.75,0.428,0.3135,0.724,1.75
Bismack Biyombo,46.2,17.48,4.92,5.0,1.02,0.36,0.9800000000000001,0.5821999999999999,0.0,0.44420000000000004,0.9400000000000001
Blake Griffin,47.666666666666664,18.933333333333334,7.166666666666667,4.266666666666667,2.1333333333333333,0.5,0.26666666666666666,0.4443333333333333,0.317,0.7080000000000001,0.7999999999999999
Blake Wesley,52.0,14.766666666666667,4.366666666666667,1.6000000000000003,2.4333333333333336,0.6,0.10000000000000002,0.41,0.2986666666666667,0.627,1.2
Boban Marjanovic,29.0,6.433333333333333,4.1000000000000005,2.5,0.2333333333333333,0.10000000000000002,0.13333333333333333,0.597,0.125,0.7159999999999999,0.5333333333333333
Bobby Portis,67.8,24.98,13.559999999999999,8.32,1.44,0.6799999999999999,0.44000000000000006,0.4944,0.40119999999999995,0.7772,1.1199999999999999
Bogdan Bogdanović,58.8,28.46,14.64,3.4,3.0,1.0,0.26,0.4412,0.38980000000000004,0.8766,1.26
Bojan Bogdanovic,64.25,29.924999999999997,17.975,3.675,1.975,0.55,0.07500000000000001,0.459,0.3965,0.8515,1.9
Bol Bol,45.25,12.475,5.824999999999999,3.175,0.55,0.25,0.7,0.5295000000000001,0.35175,0.746,0.75
Bones Hyland,46.5,15.725,8.75,1.9,2.425,0.7,0.225,0.3965,0.36325,0.84175,1.225
Brad Wanamaker,42.0,15.600000000000001,4.55,1.7,2.65,0.5,0.25,0.3745,0.2115,0.9055,1.1
Bradley Beal,51.2,34.14,22.580000000000002,4.2,5.0200000000000005,1.02,0.5,0.4904,0.366,0.836,2.7600000000000002
Branden Carlson,32.0,7.7,3.8,1.7,0.4,0.2,0.7,0.443,0.333,0.778,0.2
Brandin Podziemski,69.0,26.700000000000003,10.45,5.449999999999999,3.55,0.9500000000000001,0.2,0.4495,0.3785,0.6955,1.2
Brandon Boston,36.75,15.15,7.275,2.1,1.125,0.625,0.2,0.41075,0.33475,0.76675,0.775
Brandon Clarke,60.75,20.475,9.75,5.375,1.3,0.75,0.825,0.6095,0.17825000000000002,0.691,0.675
Brandon Goodwin,41.5,13.55,4.85,1.7,2.25,0.55,0.0,0.39649999999999996,0.32799999999999996,0.6415,0.9
Brandon Ingram,56.25,33.85,23.0,5.325,5.5,0.7,0.525,0.47575,0.36325,0.84675,2.75
Brandon Miller,50.5,33.2,19.15,4.6,3.0,1.0,0.6499999999999999,0.4215,0.364,0.844,2.3
Brandon Williams,28.5,20.75,10.600000000000001,2.45,3.0999999999999996,0.85,0.30000000000000004,0.4465,0.346,0.7669999999999999,1.7999999999999998
Braxton Key,20.0,3.0,1.1,0.9,0.5,0.1,0.1,0.412,0.4,0.75,0.1
Brice Sensabaugh,51.5,19.25,9.2,3.1,1.6,0.5,0.15000000000000002,0.4245,0.359,0.896,1.5
Brodric Thomas,32.0,12.5,3.9,1.7,0.9,0.5,0.3,0.361,0.271,0.674,0.7
Bronny James,27.0,6.7,2.3,0.7,0.8,0.3,0.1,0.313,0.281,0.786,0.5
Brook Lopez,76.75,29.975,13.425,5.475,1.35,0.55,2.075,0.507,0.36275,0.819,1.1
Bruce Brown,65.0,25.14,9.680000000000001,4.5,2.4,0.96,0.44000000000000006,0.4888,0.3412,0.7779999999999999,1.08
Bruno Fernando,36.75,9.375,3.65,3.0,0.575,0.225,0.5,0.5435,0.125,0.6685,0.675
Bryce McGowens,52.5,16.0,5.199999999999999,1.85,1.05,0.35,0.15000000000000002,0.4175,0.329,0.763,0.7
Bryn Forbes,56.666666666666664,15.700000000000001,7.466666666666668,1.1333333333333333,0.7666666666666666,0.3,0.06666666666666667,0.421,0.38999999999999996,0.8926666666666666,0.6
Bub Carrington,82.0,30.0,9.8,4.2,4.4,0.7,0.3,0.401,0.339,0.812,1.7
Buddy Hield,79.6,28.9,14.440000000000001,4.1,2.7199999999999998,0.9199999999999999,0.36,0.42460000000000003,0.3876,0.8501999999999998,1.54
CJ Elleby,44.0,13.3,4.05,2.5,0.9,0.4,0.2,0.386,0.25,0.7235,0.6
CJ McCollum,61.2,33.86,21.44,4.14,4.84,0.9199999999999999,0.45999999999999996,0.4516,0.3962,0.7614,1.8800000000000001
Cade Cunningham,65.33333333333333,33.699999999999996,22.066666666666666,5.3,7.3999999999999995,1.0333333333333334,0.6333333333333333,0.4446666666666667,0.3416666666666666,0.8533333333333334,3.8333333333333335
Caleb Houstan,56.0,14.433333333333332,4.066666666666666,1.5333333333333332,0.5666666666666667,0.3,0.10000000000000002,0.39066666666666666,0.37033333333333335,0.8410000000000001,0.3
Caleb Martin,58.6,24.419999999999998,8.34,3.9200000000000004,1.6600000000000001,0.8800000000000001,0.42000000000000004,0.44020000000000004,0.345,0.7218,1.0
Cam Reddish,39.2,22.54,7.92,2.48,1.08,1.06,0.32,0.4016,0.3094,0.7891999999999999,0.9400000000000001
Cam Spencer,25.0,10.1,4.2,1.2,1.4,0.4,0.0,0.415,0.365,1.0,0.2
Cam Thomas,53.75,24.2,16.4,2.65,2.325,0.55,0.125,0.4385,0.3415,0.8585,1.575
Cam Whitmore,49.0,17.45,10.850000000000001,3.4,0.85,0.6,0.35,0.449,0.357,0.7145,0.95
Cameron Johnson,56.6,27.6,13.959999999999999,4.08,2.12,0.8800000000000001,0.3,0.4542,0.39180000000000004,0.8462,1.0
Cameron Payne,63.2,18.4,8.760000000000002,2.1,3.6799999999999997,0.6,0.22000000000000003,0.4282,0.3794,0.8550000000000001,1.2
Caris LeVert,62.2,29.24,15.080000000000002,3.88,4.38,1.06,0.45999999999999996,0.4408,0.3472,0.753,1.72
Carmelo Anthony,69.0,25.25,13.350000000000001,3.6500000000000004,1.25,0.7,0.7,0.431,0.392,0.86,0.9
Carsen Edwards,31.0,8.9,4.0,0.8,0.5,0.2,0.0,0.423,0.286,0.846,0.2
Cason Wallace,75.0,24.1,7.6,2.8499999999999996,2.0,1.35,0.5,0.4825,0.38749999999999996,0.7975000000000001,0.7
Cassius Stanley,24.0,3.9,1.5,0.8,0.0,0.0,0.1,0.302,0.231,0.778,0.0
Cassius Winston,22.0,4.5,1.9,0.4,0.5,0.1,0.0,0.424,0.471,0.833,0.2
Cedi Osman,68.5,21.35,9.15,2.6,2.025,0.675,0.17500000000000002,0.434,0.356,0.70775,0.95
Chandler Hutchison,25.0,13.8,4.3,3.1,0.7,0.5,0.2,0.379,0.364,0.84,0.8
Charles Bassey,31.333333333333332,10.733333333333334,4.366666666666667,4.133333333333334,0.7333333333333334,0.3666666666666667,0.7999999999999999,0.621,0.125,0.6603333333333333,0.7000000000000001
Charlie Brown Jr.,22.0,8.1,1.4,1.5,0.3,0.5,0.2,0.256,0.083,0.9,0.2
Chasson Randle,41.0,20.4,6.5,2.0,1.8,0.5,0.1,0.388,0.338,0.792,1.1
Chet Holmgren,57.0,28.4,15.75,7.95,2.2,0.6499999999999999,2.25,0.51,0.3745,0.7735000000000001,1.7000000000000002
Chimezie Metu,53.25,15.525,6.65,3.875,0.825,0.6000000000000001,0.4,0.51325,0.298,0.7867500000000001,0.825
Chris Boucher,63.2,19.32,9.76,5.4,0.6,0.52,0.9199999999999999,0.49399999999999994,0.3402,0.7762,0.6
Chris Chiozza,28.0,10.75,3.0,1.1,2.45,0.35,0.15,0.32399999999999995,0.3155,0.716,0.8
Chris Duarte,53.333333333333336,19.900000000000002,8.299999999999999,2.8000000000000003,1.4000000000000001,0.6666666666666666,0.16666666666666666,0.39399999999999996,0.3436666666666666,0.8130000000000001,0.9666666666666668
Chris Livingston,21.0,4.65,1.2999999999999998,1.35,0.2,0.15000000000000002,0.0,0.4165,0.1,0.75,0.25
Chris Paul,66.8,30.139999999999997,12.6,4.14,8.56,1.46,0.27999999999999997,0.45999999999999996,0.367,0.8705999999999999,1.8800000000000001
Christian Braun,79.0,23.2,9.133333333333333,3.766666666666667,1.6666666666666667,0.7000000000000001,0.3666666666666667,0.5116666666666666,0.37833333333333335,0.7153333333333333,0.7333333333333334
Christian Koloko,47.5,11.5,2.75,2.7,0.45,0.30000000000000004,0.7,0.5429999999999999,0.0415,0.6705,0.3
Christian Wood,56.5,26.599999999999998,15.6,8.025,1.7,0.5750000000000001,1.0,0.499,0.36175,0.6819999999999999,1.675
Chuma Okeke,47.25,19.65,5.85,3.575,1.425,0.85,0.4,0.3755,0.312,0.73225,0.625
Clint Capela,66.0,26.3,11.74,11.26,1.04,0.6599999999999999,1.4,0.5980000000000001,0.0,0.5631999999999999,0.9
Coby White,71.4,30.339999999999996,15.4,3.6399999999999997,4.0200000000000005,0.6799999999999999,0.18,0.4384,0.3724,0.8737999999999999,1.78
Cody Martin,51.0,22.9,6.5,3.8,2.475,1.025,0.475,0.4305,0.31475,0.64825,1.0750000000000002
Cody Williams,50.0,21.2,4.6,2.3,1.2,0.5,0.3,0.323,0.259,0.725,0.9
Cody Zeller,39.333333333333336,13.799999999999999,5.466666666666668,4.666666666666667,1.1666666666666667,0.3666666666666667,0.23333333333333336,0.515,0.15866666666666665,0.6983333333333333,0.7333333333333334
Colby Jones,34.5,9.8,3.05,1.75,0.9,0.44999999999999996,0.25,0.4255,0.20900000000000002,0.601,0.44999999999999996
Cole Anthony,64.0,25.1,12.64,4.34,3.9,0.6799999999999999,0.44000000000000006,0.4202,0.346,0.8458,1.9
Colin Castleton,26.0,16.6,4.7,4.7,1.1,0.3,0.4,0.469,0.125,0.763,0.9
Collin Gillespie,28.5,11.7,4.75,1.65,1.75,0.55,0.1,0.447,0.41400000000000003,0.7655000000000001,0.55
Collin Sexton,62.25,28.424999999999997,18.925,2.6500000000000004,4.1000000000000005,0.775,0.15000000000000002,0.487,0.391,0.8394999999999999,2.3
Corey Kispert,73.0,25.95,11.075,2.825,1.5,0.45,0.2,0.47225,0.38025,0.82525,0.875
Cory Joseph,53.2,18.2,5.8,1.92,2.7,0.5599999999999999,0.18,0.4206,0.36360000000000003,0.7687999999999999,0.8800000000000001
Craig Porter Jr.,51.0,11.399999999999999,4.65,1.7000000000000002,1.8499999999999999,0.35,0.3,0.5115000000000001,0.39549999999999996,0.7255,0.8
D'Angelo Russell,62.4,30.22,17.1,2.96,6.1,1.0,0.4,0.4314,0.3704,0.8161999999999999,2.3600000000000003
D.J. Augustin,56.0,17.950000000000003,6.5,1.4,2.5999999999999996,0.4,0.0,0.4085,0.39849999999999997,0.894,1.05
D.J. Wilson,35.0,12.4,5.2,3.2,0.7,0.3,0.5,0.405,0.345,0.68,0.6
DaQuan Jeffries,39.0,19.35,5.4,2.5999999999999996,0.9,0.55,0.4,0.41100000000000003,0.317,0.8375,0.6
Daishen Nix,40.5,13.45,3.6,1.5499999999999998,2.0,0.55,0.05,0.37250000000000005,0.27749999999999997,0.6000000000000001,1.3
Dalano Banton,54.0,14.0,6.6000000000000005,2.175,1.875,0.5,0.375,0.40725,0.29225,0.7025,1.025
Dalen Terry,56.666666666666664,10.200000000000001,3.266666666666667,1.5333333333333332,1.0999999999999999,0.4666666666666666,0.19999999999999998,0.44366666666666665,0.2816666666666667,0.6526666666666666,0.4666666666666666
Dalton Knecht,78.0,19.2,9.1,2.8,0.8,0.3,0.1,0.461,0.376,0.762,0.5
Damian Jones,43.75,12.675,4.75,3.025,0.675,0.30000000000000004,0.575,0.64375,0.33675,0.7645,0.675
Damian Lillard,57.0,35.98,26.839999999999996,4.4399999999999995,7.24,0.9199999999999999,0.27999999999999997,0.43760000000000004,0.3632,0.9122,2.92
Damion Lee,54.75,16.25,6.35,2.5500000000000003,1.0,0.475,0.07500000000000001,0.42875,0.35550000000000004,0.91125,0.65
Damyean Dotson,46.0,19.7,6.7,2.0,2.0,0.3,0.1,0.406,0.289,0.667,0.9
Daniel Gafford,67.0,20.28,9.74,6.0,1.1,0.52,1.6,0.7072,0.0,0.6816,1.0
Daniel Oturu,30.0,5.4,1.8,1.6,0.3,0.1,0.2,0.423,0.2,0.75,0.3
Daniel Theis,52.5,19.65,7.1,4.7,1.3,0.475,0.75,0.51625,0.30974999999999997,0.738,0.85
Danilo Gallinari,55.333333333333336,20.7,10.233333333333333,3.6666666666666665,1.3666666666666665,0.43333333333333335,0.16666666666666666,0.435,0.37000000000000005,0.8953333333333333,0.6333333333333333
Danny Green,65.5,24.9,7.7,3.15,1.35,1.15,0.7,0.403,0.3925,0.7805,0.85
Danté Exum,37.5,19.200000000000003,8.25,2.2,2.8499999999999996,0.5,0.15000000000000002,0.5055000000000001,0.4625,0.7605,1.0
Danuel House Jr.,42.0,18.15,5.925000000000001,2.425,1.125,0.45,0.275,0.432,0.3395,0.7302500000000001,0.725
Dario Šarić,57.0,16.23333333333333,7.7,3.9333333333333336,1.6333333333333335,0.5,0.13333333333333333,0.457,0.37166666666666665,0.842,1.0999999999999999
Dariq Whitehead,20.0,12.3,5.7,1.5,0.6,0.3,0.1,0.406,0.446,0.6,0.8
Darius Bazley,55.666666666666664,24.46666666666667,9.9,5.566666666666666,1.3666666666666665,0.6,0.7666666666666666,0.424,0.3213333333333333,0.6443333333333333,1.366666666666667
Darius Garland,64.6,33.660000000000004,19.86,2.8,7.140000000000001,1.24,0.1,0.4586,0.392,0.8629999999999999,3.02
David Duke Jr.,22.5,12.7,4.2,2.15,0.8500000000000001,0.5,0.15,0.4115,0.163,0.758,0.6000000000000001
David Nwaba,38.0,17.9,7.1499999999999995,3.5999999999999996,0.9,0.8,0.55,0.4845,0.28800000000000003,0.7035,0.55
David Roddy,56.0,16.166666666666668,5.933333333333334,2.8333333333333335,1.0333333333333334,0.4000000000000001,0.26666666666666666,0.42933333333333334,0.3036666666666667,0.6970000000000001,0.7999999999999999
Davion Mitchell,75.25,22.125,7.575,1.775,3.325,0.625,0.175,0.448,0.34875,0.7172499999999999,1.15
Davis Bertans,50.25,16.675,7.1,1.9,0.7,0.425,0.225,0.397,0.375,0.8865000000000001,0.375
Davon Reed,45.5,10.95,3.25,1.8499999999999999,0.8,0.4,0.15000000000000002,0.41800000000000004,0.4,0.667,0.4
Day'Ron Sharpe,47.75,14.225,6.4,5.55,1.125,0.45,0.675,0.55325,0.3355,0.647,1.05
De'Aaron Fox,65.2,35.160000000000004,24.7,4.2,6.159999999999999,1.46,0.4,0.47800000000000004,0.32439999999999997,0.7628,2.7399999999999998
De'Andre Hunter,52.8,29.54,15.280000000000001,4.04,1.5,0.7,0.33999999999999997,0.46319999999999995,0.369,0.8286,1.3199999999999998
De'Anthony Melton,60.0,24.4,10.275,3.8499999999999996,2.7,1.45,0.5,0.41325,0.384,0.7955,1.275
DeAndre Jordan,47.2,14.64,4.9,5.54,0.9,0.27999999999999997,0.6599999999999999,0.6890000000000001,0.2,0.4842000000000001,0.96
DeAndre' Bembry,53.5,18.700000000000003,5.4,2.9,1.65,0.95,0.4,0.537,0.3405,0.641,1.0
DeMar DeRozan,73.4,35.94,24.04,4.4399999999999995,5.32,0.9600000000000002,0.4,0.492,0.31880000000000003,0.8678000000000001,1.92
DeMarcus Cousins,44.5,16.15,8.95,6.0,1.7,0.75,0.5,0.443,0.3255,0.744,1.7000000000000002
Dean Wade,54.2,20.080000000000002,5.36,3.5799999999999996,1.02,0.6399999999999999,0.33999999999999997,0.42519999999999997,0.366,0.678,0.4
Deandre Ayton,57.8,30.6,16.14,10.4,1.54,0.74,0.9,0.597,0.22959999999999997,0.753,1.6800000000000002
Deividas Sirvydis,20.0,6.7,2.1,1.5,0.3,0.1,0.0,0.35,0.357,0.5,0.3
Dejounte Murray,63.6,34.28,19.46,6.5,6.9,1.6800000000000002,0.27999999999999997,0.4462,0.32999999999999996,0.8068,2.5
Delon Wright,55.4,20.54,5.92,2.8600000000000003,3.02,1.32,0.3,0.4258,0.3476,0.7896,0.74
Deni Avdija,71.8,26.839999999999996,11.1,6.2,2.7399999999999998,0.8,0.44000000000000006,0.45359999999999995,0.3336,0.732,1.6200000000000003
Dennis Schröder,69.2,30.02,13.719999999999999,2.98,5.279999999999999,0.8800000000000001,0.18,0.4248,0.34500000000000003,0.8464,2.08
Dennis Smith Jr.,42.5,20.05,6.925000000000001,2.7,3.8249999999999997,1.2,0.39999999999999997,0.41625,0.265,0.716,1.3
Denzel Valentine,43.0,12.95,4.7,2.5,1.1,0.4,0.05,0.376,0.36750000000000005,0.4705,0.6
Dereck Lively II,45.5,23.3,8.75,7.2,1.75,0.6499999999999999,1.5,0.7244999999999999,0.0,0.5680000000000001,1.0
Derrick Favors,53.5,16.0,5.35,5.1,0.6,0.45,0.65,0.577,0.0625,0.6890000000000001,0.35
Derrick Jones Jr.,65.2,20.419999999999998,7.220000000000001,3.1799999999999997,0.74,0.6599999999999999,0.64,0.5062,0.3362,0.7203999999999999,0.6799999999999999
Derrick Rose,31.75,19.8,10.075,2.25,3.3,0.6,0.3,0.44,0.3645,0.91,1.3
Derrick White,68.4,30.72,14.52,3.7600000000000002,4.46,0.8400000000000001,1.0,0.4394,0.3638,0.866,1.46
Desmond Bane,62.6,30.04,18.36,4.6,3.9200000000000004,1.0,0.38,0.47140000000000004,0.4098,0.8732,1.94
Devin Booker,66.2,35.260000000000005,26.580000000000002,4.46,5.720000000000001,0.9400000000000001,0.3,0.47940000000000005,0.354,0.874,2.7399999999999998
Devin Carter,36.0,11.0,3.8,2.1,1.1,0.6,0.1,0.37,0.295,0.591,0.5
Devin Vassell,60.6,27.880000000000003,14.419999999999998,3.7599999999999993,2.68,1.06,0.42000000000000004,0.43739999999999996,0.367,0.8108000000000001,1.1400000000000001
Devontae Cacok,20.0,4.9,2.0,1.6,0.1,0.3,0.2,0.586,0.0,0.455,0.3
Devonte' Graham,56.75,22.625,9.775,2.075,3.6,0.7,0.15000000000000002,0.3665,0.34225,0.8115,1.075
Dewayne Dedmon,52.5,13.55,5.75,4.65,0.7,0.30000000000000004,0.55,0.538,0.356,0.7115,0.85
Dillon Brooks,63.8,30.1,15.319999999999999,3.3,2.2199999999999998,0.9800000000000001,0.24,0.4208,0.347,0.821,1.4
Dillon Jones,54.0,10.2,2.5,2.2,1.1,0.3,0.1,0.383,0.254,0.607,0.5
Domantas Sabonis,71.0,35.08,19.36,12.8,6.68,0.9199999999999999,0.48,0.5814,0.3604,0.7346,3.12
Dominick Barlow,32.0,12.666666666666666,4.166666666666667,3.1333333333333333,0.8333333333333334,0.3666666666666667,0.5333333333333333,0.5206666666666667,0.19733333333333336,0.6819999999999999,0.3
Donovan Clingan,67.0,19.8,6.5,7.9,1.1,0.5,1.6,0.539,0.286,0.596,1.1
Donovan Mitchell,62.8,33.94,26.24,4.5,5.2,1.42,0.32,0.45499999999999996,0.3726,0.8506,2.66
Donte DiVincenzo,64.6,26.54,11.2,4.34,3.1399999999999997,1.2,0.24,0.41419999999999996,0.3826,0.782,1.54
Dorian Finney-Smith,67.4,30.54,9.26,4.7,1.6199999999999999,0.9,0.48,0.4406,0.377,0.7156,0.9
Doug McDermott,57.4,18.240000000000002,8.82,1.8399999999999999,1.06,0.24,0.06000000000000001,0.4622,0.4138,0.7072,0.6
Draymond Green,61.0,29.639999999999997,8.120000000000001,6.9799999999999995,6.859999999999999,1.3,0.9199999999999999,0.484,0.3182,0.7168,2.7800000000000002
Drew Eubanks,67.8,15.919999999999998,5.959999999999999,4.66,1.0,0.36,0.8400000000000001,0.5993999999999999,0.6212,0.7176,0.86
Drew Peterson,25.0,7.4,2.2,1.6,0.5,0.2,0.1,0.415,0.394,0.778,0.3
Duane Washington Jr.,39.5,16.45,8.9,1.45,1.9,0.35,0.1,0.386,0.3685,0.7105,1.15
Duncan Robinson,67.0,25.16,10.86,2.5,1.94,0.5199999999999999,0.16,0.4192,0.3792,0.869,1.04
Duop Reath,57.0,14.049999999999999,6.65,2.85,0.8,0.4,0.44999999999999996,0.4415,0.33999999999999997,0.8255,0.55
Dwayne Bacon,72.0,25.7,10.9,3.1,1.3,0.6,0.1,0.402,0.285,0.824,0.6
Dwight Howard,64.5,16.75,6.6,7.15,0.75,0.5,0.75,0.5994999999999999,0.3915,0.617,1.2000000000000002
Dwight Powell,66.8,16.2,5.34,3.7,1.1,0.48,0.4,0.678,0.2644,0.7182000000000001,0.64
Dylan Windler,40.5,12.85,3.7,2.65,0.9,0.44999999999999996,0.25,0.40800000000000003,0.319,0.8055,0.65
Dyson Daniels,65.33333333333333,24.599999999999998,7.8999999999999995,4.333333333333333,3.1333333333333333,1.7,0.43333333333333335,0.4526666666666667,0.3216666666666667,0.6283333333333333,1.3333333333333333
E'Twaun Moore,27.0,14.4,4.9,1.7,1.5,0.6,0.2,0.455,0.314,0.857,0.9
Ed Davis,27.0,9.75,1.5,3.55,0.55,0.35,0.44999999999999996,0.5599999999999999,0.0,0.631,0.25
Edmond Sumner,53.0,15.05,7.3,1.65,1.1,0.6,0.2,0.493,0.377,0.868,0.95
Elfrid Payton,45.666666666666664,18.633333333333336,5.533333333333334,2.8333333333333335,4.033333333333334,0.7333333333333334,0.2333333333333333,0.381,0.225,0.5426666666666667,1.6666666666666667
Elijah Hughes,36.0,12.1,3.5,1.6,0.6,0.4,0.2,0.326,0.263,0.778,0.5
Enes Freedom,53.5,18.1,7.449999999999999,7.8,0.7,0.3,0.55,0.565,0.325,0.8155,0.8500000000000001
Enrique Freeman,22.0,8.2,2.1,1.4,0.4,0.1,0.1,0.432,0.1,0.684,0.3
Eric Bledsoe,62.5,27.45,11.05,3.4,4.0,1.05,0.35,0.421,0.327,0.724,1.85
Eric Gordon,52.0,26.9,12.28,1.8,2.3400000000000003,0.6599999999999999,0.38,0.4446,0.3798,0.7942,1.42
Eric Paschall,49.0,15.049999999999999,7.65,2.5,0.95,0.25,0.15000000000000002,0.491,0.35150000000000003,0.74,0.8
Eugene Omoruyi,41.5,12.600000000000001,5.9,2.4,0.75,0.6499999999999999,0.1,0.46399999999999997,0.28200000000000003,0.6665000000000001,0.7
Evan Fournier,45.25,23.65,11.05,2.3,2.075,0.9,0.275,0.392,0.34075,0.78975,1.125
Evan Mobley,67.25,32.325,16.35,9.0,2.925,0.8500000000000001,1.55,0.54975,0.30225,0.69525,1.875
Facundo Campazzo,65.0,20.049999999999997,5.6,1.9500000000000002,3.5,1.1,0.30000000000000004,0.371,0.3265,0.8240000000000001,1.05
Frank Jackson,46.5,20.25,10.2,1.9000000000000001,0.95,0.45,0.1,0.4295,0.3575,0.82,0.8
Frank Kaminsky,41.5,10.85,4.55,2.7,1.3,0.25,0.25,0.4815,0.3795,0.746,0.4
Frank Ntilikina,46.0,11.5,3.233333333333333,1.2,1.0,0.43333333333333335,0.10000000000000002,0.37666666666666665,0.35833333333333334,0.6903333333333332,0.4666666666666666
Franz Wagner,72.75,32.375,19.425,4.9,3.7,1.075,0.35000000000000003,0.47450000000000003,0.32275,0.8565,1.95
Fred VanVleet,63.8,36.62,18.14,4.04,6.779999999999999,1.64,0.6,0.39580000000000004,0.3634,0.8654,1.92
Freddie Gillespie,20.0,19.6,5.6,4.9,0.5,0.7,1.0,0.524,0.0,0.697,0.6
Furkan Korkmaz,48.5,14.65,5.75,1.675,1.175,0.525,0.125,0.40375,0.35125,0.741,0.6
GG Jackson,38.5,20.75,10.9,3.65,1.1,0.5,0.35,0.4,0.347,0.7384999999999999,1.25
Gabe Vincent,64.5,20.9,7.325,1.6,2.075,0.725,0.125,0.39925,0.34099999999999997,0.81775,1.025
Garrett Temple,39.0,14.24,4.0,1.7399999999999998,1.2200000000000002,0.58,0.24,0.3726,0.3182,0.7936,0.5599999999999999
Garrison Mathews,59.2,17.56,6.540000000000001,1.8,0.76,0.54,0.2,0.4048,0.3848,0.843,0.44000000000000006
Gary Clark,38.5,13.4,2.9000000000000004,2.65,0.65,0.3,0.2,0.33899999999999997,0.3435,0.75,0.35
Gary Harris,50.0,23.919999999999998,7.840000000000001,1.8,1.44,0.8,0.25999999999999995,0.42160000000000003,0.3764,0.7868,0.7
Gary Payton II,49.75,16.2,5.925,3.05,1.175,1.025,0.3,0.58675,0.387,0.695,0.625
Gary Trent Jr.,67.8,30.380000000000003,15.16,2.56,1.58,1.28,0.18,0.4224,0.3892,0.8188000000000001,0.76
George Hill,43.333333333333336,21.233333333333334,6.633333333333333,2.2333333333333334,2.3333333333333335,0.7333333333333334,0.13333333333333333,0.4603333333333333,0.3506666666666667,0.8276666666666667,0.8333333333333334
Georges Niang,77.4,20.4,8.72,2.8600000000000003,1.1400000000000001,0.38,0.18,0.4452,0.4022,0.8695999999999999,0.82
Giannis Antetokounmpo,66.2,33.480000000000004,29.98,11.559999999999999,6.08,1.04,1.1400000000000001,0.5774,0.2734,0.6652,3.4200000000000004
Glenn Robinson III,23.0,16.1,5.3,2.0,0.9,0.2,0.1,0.424,0.364,0.913,0.5
Goga Bitadze,53.0,14.98,5.74,4.32,1.24,0.44000000000000006,1.08,0.5428,0.2044,0.6522,0.72
Goran Dragic,43.0,21.8,9.066666666666666,2.6333333333333333,3.6999999999999997,0.6,0.16666666666666666,0.41,0.32866666666666666,0.7783333333333333,1.7
Gordon Hayward,48.5,30.45,15.0,4.575,3.7249999999999996,0.95,0.3,0.46775,0.3855,0.8105,1.775
Gorgui Dieng,37.666666666666664,11.5,4.733333333333333,3.3333333333333335,1.2666666666666666,0.36666666666666664,0.39999999999999997,0.45966666666666667,0.37833333333333335,0.7886666666666667,0.7666666666666666
Gradey Dick,57.0,25.25,11.45,2.9000000000000004,1.4500000000000002,0.75,0.1,0.4175,0.3575,0.8605,1.15
Grant Williams,73.75,24.1,7.725,3.8,1.5,0.525,0.5,0.4555,0.38825,0.755,1.025
Grayson Allen,65.4,27.5,11.24,3.3600000000000003,2.2199999999999998,0.8400000000000001,0.32,0.4506,0.41719999999999996,0.8664,1.04
Greg Brown III,48.0,13.3,4.7,2.8,0.7,0.5,0.5,0.426,0.311,0.677,0.8
Guerschon Yabusele,70.0,27.1,11.0,5.6,2.1,0.8,0.3,0.501,0.38,0.725,1.2
Gui Santos,39.5,11.0,3.8499999999999996,2.6,1.0,0.30000000000000004,0.15000000000000002,0.48350000000000004,0.35,0.8154999999999999,0.55
Hamidou Diallo,55.333333333333336,21.099999999999998,10.633333333333333,4.5,1.4000000000000001,0.9666666666666667,0.3666666666666667,0.5153333333333333,0.2753333333333334,0.626,1.2666666666666666
Harrison Barnes,76.2,31.7,14.4,4.7,2.08,0.6599999999999999,0.16,0.48419999999999996,0.39580000000000004,0.8225999999999999,1.08
Harry Giles III,30.5,6.75,2.5999999999999996,2.4,0.55,0.15000000000000002,0.2,0.4465,0.28099999999999997,0.5655,0.4
Hassan Whiteside,50.5,16.549999999999997,8.149999999999999,6.8,0.5,0.3,1.4500000000000002,0.6074999999999999,0.0,0.571,0.9500000000000001
Haywood Highsmith,64.66666666666667,21.099999999999998,5.666666666666667,3.3666666666666667,1.1333333333333335,0.7999999999999999,0.43333333333333335,0.45133333333333336,0.37233333333333335,0.608,0.6666666666666666
Herbert Jones,60.0,30.6,10.15,3.8499999999999996,2.625,1.65,0.675,0.46975,0.349,0.824,1.4
Hunter Tyson,51.0,7.8,2.6,1.5,0.4,0.2,0.1,0.375,0.311,0.75,0.3
Ibou Badji,22.0,10.3,1.5,2.3,0.6,0.1,0.9,0.636,0.0,0.5,0.7
Ignas Brazdeikis,42.0,12.8,5.0,1.7,0.9,0.2,0.1,0.431,0.31,0.656,0.4
Immanuel Quickley,64.8,25.68,14.34,3.3600000000000003,3.9200000000000004,0.72,0.12000000000000002,0.4178,0.37560000000000004,0.8622,1.34
Isaac Bonga,40.0,10.8,2.0,1.7,0.6,0.3,0.2,0.37,0.277,0.625,0.6
Isaac Jones,40.0,7.6,3.4,1.4,0.3,0.1,0.3,0.651,0.375,0.639,0.4
Isaac Okoro,66.8,26.02,8.059999999999999,2.8,1.58,0.76,0.38,0.46959999999999996,0.353,0.7294,0.8
Isaiah Collier,71.0,25.9,8.7,3.3,6.3,0.9,0.2,0.422,0.249,0.682,2.9
Isaiah Hartenstein,65.6,20.619999999999997,7.4799999999999995,6.859999999999999,2.2199999999999998,0.74,0.9800000000000001,0.5871999999999999,0.26980000000000004,0.679,1.1800000000000002
Isaiah Jackson,53.0,14.766666666666666,7.300000000000001,4.2,0.6333333333333334,0.6,1.3,0.597,0.152,0.6829999999999999,0.8666666666666667
Isaiah Joe,64.2,15.940000000000001,7.040000000000001,1.8399999999999999,1.04,0.5,0.13999999999999999,0.41,0.3876,0.8382,0.44000000000000006
Isaiah Livers,37.5,21.75,5.85,2.45,0.9500000000000001,0.55,0.35,0.381,0.3255,0.744,0.6499999999999999
Isaiah Roby,49.333333333333336,18.599999999999998,7.633333333333333,4.333333333333333,1.4333333333333333,0.7000000000000001,0.5333333333333333,0.47633333333333333,0.34600000000000003,0.6346666666666666,1.2
Isaiah Stewart,61.4,25.22,8.88,7.119999999999999,1.3599999999999999,0.42000000000000004,1.06,0.5102,0.33799999999999997,0.7327999999999999,1.18
Isaiah Thomas,22.0,15.2,8.4,1.3,1.5,0.3,0.2,0.401,0.337,0.846,0.7
Isaiah Wong,20.0,13.3,6.0,1.6,1.4,0.6,0.0,0.39,0.394,0.735,0.9
Ish Smith,48.75,16.2,4.675,2.175,3.3499999999999996,0.5,0.25,0.41975,0.35175,0.61275,1.05
Ish Wainright,52.5,11.65,3.3,1.75,0.6,0.5,0.25,0.382,0.3255,0.711,0.35
Ivica Zubac,74.4,26.879999999999995,11.72,9.48,1.6,0.44000000000000006,1.1,0.6378,0.05,0.7194,1.3800000000000001
JJ Redick,44.0,16.4,7.4,1.5,1.2,0.3,0.1,0.397,0.371,0.942,0.8
JT Thor,46.25,11.7,3.15,2.05,0.475,0.275,0.375,0.424,0.302,0.6335,0.4
Ja Morant,57.75,32.0,23.975,4.925,7.375,1.1,0.275,0.4655,0.31575,0.76525,3.425
Ja'Kobe Walter,52.0,21.2,8.6,3.1,1.6,0.8,0.2,0.405,0.349,0.795,1.0
JaKarr Sampson,29.0,10.9,4.6,2.7,0.1,0.1,0.5,0.496,0.2,0.655,0.5
JaMychal Green,60.666666666666664,16.5,6.966666666666666,4.2,0.9,0.4666666666666666,0.4000000000000001,0.49633333333333335,0.34766666666666673,0.8180000000000001,0.9
JaVale McGee,52.0,11.575,6.225,4.275,0.525,0.275,0.825,0.5945,0.24325,0.62975,1.05
Jabari Smith Jr.,70.66666666666667,31.0,12.9,7.433333333333333,1.3333333333333333,0.5333333333333333,0.7999999999999999,0.43333333333333335,0.3413333333333333,0.8073333333333333,1.2
Jabari Walker,62.666666666666664,15.733333333333334,6.0,4.3,0.7333333333333334,0.4666666666666666,0.19999999999999998,0.46466666666666673,0.3233333333333333,0.7333333333333334,0.6666666666666666
Jacob Gilyard,41.0,17.0,4.2,1.1,3.3,0.8,0.1,0.4,0.405,1.0,0.7
Jaden Hardy,59.333333333333336,14.766666666666666,8.266666666666667,1.7666666666666666,1.4333333333333333,0.39999999999999997,0.10000000000000002,0.4266666666666667,0.38400000000000006,0.7656666666666666,1.0666666666666667
Jaden Ivey,60.333333333333336,29.933333333333334,16.433333333333334,3.7999999999999994,4.333333333333333,0.7999999999999999,0.3666666666666667,0.435,0.3626666666666667,0.743,2.9
Jaden McDaniels,73.2,28.3,10.16,4.12,1.5,0.8800000000000001,0.86,0.47800000000000004,0.3492,0.7348,1.1199999999999999
Jaden Springer,46.0,9.4,2.9,1.4500000000000002,0.8500000000000001,0.6499999999999999,0.2,0.394,0.22899999999999998,0.772,0.55
Jae Crowder,59.0,26.233333333333334,8.566666666666666,4.3999999999999995,1.7666666666666666,1.0,0.3666666666666667,0.4083333333333334,0.36199999999999993,0.757,0.7333333333333334
Jae'Sean Tate,59.2,20.94,7.9799999999999995,3.96,1.98,0.78,0.3,0.48579999999999995,0.30999999999999994,0.6948000000000001,1.1400000000000001
Jahlil Okafor,27.0,12.9,5.4,2.4,0.5,0.2,0.2,0.618,0.222,0.708,0.8
Jaime Jaquez Jr.,70.5,24.45,10.25,4.1,2.55,0.95,0.25,0.475,0.3165,0.7825,1.5
Jake LaRavia,45.333333333333336,18.400000000000002,6.900000000000001,3.1333333333333333,1.5666666666666667,0.6666666666666666,0.2333333333333333,0.4176666666666667,0.367,0.7606666666666667,1.0333333333333334
Jake Layman,39.5,10.35,3.75,1.3,0.44999999999999996,0.4,0.25,0.45299999999999996,0.262,0.7124999999999999,0.44999999999999996
Jakob Poeltl,63.2,27.639999999999997,12.040000000000001,8.9,2.54,0.8399999999999999,1.48,0.6292,0.2666,0.5640000000000001,1.58
Jalen Brunson,71.4,32.54,21.52,3.46,5.7,0.8,0.1,0.49660000000000004,0.3956,0.8263999999999999,1.9600000000000002
Jalen Duren,68.66666666666667,26.7,11.566666666666668,10.266666666666667,2.066666666666667,0.6333333333333333,0.9333333333333335,0.653,0.0,0.6900000000000001,1.7333333333333334
Jalen Green,76.75,32.675,20.0,4.225,3.3,0.8,0.275,0.422,0.34175,0.8,2.35
Jalen Hood-Schifino,21.0,5.2,1.6,0.6,0.4,0.1,0.1,0.222,0.133,0.6,0.4
Jalen Johnson,46.0,22.450000000000003,10.725,5.975,2.475,0.8500000000000001,0.6,0.50975,0.2965,0.704,1.425
Jalen McDaniels,58.0,17.55,6.6,3.15,1.125,0.625,0.325,0.43775,0.3035,0.7525,0.875
Jalen Pickett,38.0,9.05,2.8499999999999996,0.95,1.5,0.25,0.05,0.4285,0.378,0.75,0.4
Jalen Smith,54.2,14.98,7.74,4.86,0.72,0.24,0.62,0.49539999999999995,0.3188,0.7478,0.7
Jalen Suggs,52.75,26.575,12.625,3.425,3.4250000000000003,1.35,0.6,0.41525,0.313,0.7835,2.375
Jalen Williams,71.66666666666667,31.333333333333332,18.26666666666667,4.6000000000000005,4.3,1.3666666666666665,0.6,0.515,0.38266666666666665,0.805,1.8333333333333333
Jalen Wilson,61.0,20.6,7.25,3.2,1.4,0.4,0.1,0.41100000000000003,0.3305,0.822,0.7
Jamal Cain,31.5,11.8,4.5,1.8499999999999999,0.5,0.5,0.2,0.43,0.33999999999999997,0.7315,0.44999999999999996
Jamal Murray,59.75,33.975,20.95,4.0,5.875,1.175,0.425,0.4715,0.406,0.86025,2.175
Jamal Shead,75.0,19.6,7.1,1.5,4.2,0.8,0.1,0.405,0.323,0.768,1.6
James Bouknight,32.5,12.5,5.1,1.9,1.0,0.30000000000000004,0.05,0.353,0.32499999999999996,0.769,0.7
James Ennis III,41.0,24.1,8.4,4.0,1.5,0.8,0.2,0.473,0.433,0.805,0.9
James Harden,63.6,36.04,21.4,6.5200000000000005,9.8,1.26,0.6799999999999999,0.43099999999999994,0.362,0.8714000000000001,3.7399999999999998
James Johnson,56.5,19.85,6.35,3.5,2.0,0.65,0.65,0.4575,0.2645,0.5595,0.9500000000000001
James Wiseman,49.0,19.333333333333332,9.533333333333333,5.666666666666667,0.7666666666666666,0.2333333333333333,0.7000000000000001,0.5633333333333334,0.17200000000000001,0.6783333333333333,1.2
Jamison Battle,59.0,17.7,7.1,2.7,0.9,0.3,0.2,0.429,0.405,0.889,0.5
Jarace Walker,54.0,13.05,4.85,2.5,1.35,0.6,0.3,0.4405,0.4025,0.778,0.75
Jared Butler,47.333333333333336,13.366666666666665,6.366666666666667,1.4666666666666668,2.8000000000000003,0.6,0.20000000000000004,0.4466666666666667,0.327,0.7909999999999999,1.1333333333333335
Jared McCain,23.0,25.7,15.3,2.4,2.6,0.7,0.0,0.46,0.383,0.875,1.6
Jaren Jackson Jr.,70.25,29.425,19.9,5.925,1.6,1.075,2.1,0.46325,0.34225,0.8,1.975
Jarred Vanderbilt,56.2,20.68,5.9,6.32,1.44,1.1199999999999999,0.42000000000000004,0.5494,0.2484,0.6258,0.96
Jarrell Brantley,28.0,4.9,2.3,1.0,0.5,0.3,0.1,0.481,0.429,1.0,0.3
Jarrett Allen,69.2,30.839999999999996,14.64,10.16,1.92,0.74,1.1800000000000002,0.6557999999999999,0.1032,0.7208,1.5
Jarrett Culver,35.5,11.899999999999999,4.4,2.2,0.8,0.5,0.2,0.39449999999999996,0.25,0.5375,0.65
Javon Freeman-Liberty,22.0,18.3,7.0,3.2,1.8,0.5,0.2,0.444,0.238,0.917,1.1
Javonte Green,51.5,17.125,5.275,2.975,0.7,0.875,0.44999999999999996,0.514,0.34650000000000003,0.7435,0.525
Jaxson Hayes,60.6,16.22,6.58,3.88,0.6799999999999999,0.48,0.62,0.6468,0.1766,0.6968,0.72
Jay Huff,42.0,7.1,4.05,1.3,0.35,0.2,0.55,0.5575,0.369,0.893,0.3
Jaylen Brown,64.8,34.36,24.02,6.0600000000000005,3.7,1.16,0.42000000000000004,0.48200000000000004,0.3536,0.7508,2.66
Jaylen Clark,40.0,13.0,4.1,1.3,0.7,0.9,0.1,0.467,0.431,0.784,0.2
Jaylen Nowell,56.333333333333336,17.7,9.433333333333334,2.3000000000000003,1.8666666666666665,0.5,0.19999999999999998,0.449,0.33866666666666667,0.793,0.7666666666666666
Jaylen Wells,79.0,25.9,10.4,3.4,1.7,0.6,0.1,0.425,0.352,0.822,0.9
Jaylin Williams,55.0,16.133333333333333,5.266666666666667,4.633333333333334,1.9333333333333336,0.5,0.39999999999999997,0.4306666666666667,0.3913333333333333,0.7586666666666666,0.6666666666666666
Jaylon Tyson,47.0,9.6,3.6,2.0,0.9,0.3,0.1,0.43,0.345,0.792,0.6
Jayson Tatum,72.0,36.14,27.419999999999998,8.2,4.84,1.08,0.58,0.46020000000000005,0.36160000000000003,0.8443999999999999,2.7800000000000002
Jeff Dowtin Jr.,33.0,12.7,4.7,1.2,1.5499999999999998,0.5,0.2,0.46299999999999997,0.35650000000000004,0.7,0.30000000000000004
Jeff Green,61.8,20.080000000000002,8.2,2.7399999999999998,1.1199999999999999,0.32,0.32,0.4928,0.3426,0.796,0.6799999999999999
Jeff Teague,55.0,17.3,6.7,1.6,2.4,0.6,0.2,0.433,0.439,0.848,1.2
Jerami Grant,53.0,33.54,19.48,4.04,2.5,0.8,0.9,0.43079999999999996,0.3752,0.8324,1.8199999999999998
Jeremiah Robinson-Earl,49.25,17.125,5.875,4.125,0.95,0.5249999999999999,0.2,0.44675,0.33975,0.79,0.6000000000000001
Jeremy Lamb,46.0,19.0,8.7,3.2,1.45,0.75,0.5,0.40900000000000003,0.365,0.8935,0.6499999999999999
Jeremy Sochan,61.333333333333336,26.96666666666667,11.333333333333334,6.066666666666666,2.766666666666667,0.8000000000000002,0.4666666666666666,0.4753333333333334,0.28733333333333333,0.7216666666666667,1.7333333333333334
Jericho Sims,47.75,13.5,2.35,3.95,0.55,0.25,0.45,0.70575,0.0,0.6114999999999999,0.5
Jerome Robinson,22.0,3.7,1.4,0.3,0.2,0.0,0.1,0.333,0.118,0.636,0.1
Jett Howard,60.0,11.7,4.5,1.2,0.7,0.2,0.2,0.374,0.296,0.696,0.6
Jevon Carter,63.0,14.16,5.12,1.52,1.5,0.52,0.22000000000000003,0.39740000000000003,0.3684,0.7182,0.52
Jimmy Butler III,57.6,33.32,20.82,5.880000000000001,5.66,1.64,0.33999999999999997,0.5038,0.30999999999999994,0.8565999999999999,1.7600000000000002
Jock Landale,55.25,12.65,5.3,3.275,0.975,0.275,0.375,0.51775,0.31225,0.764,0.65
Joe Harris,71.5,25.8,10.85,2.9000000000000004,1.65,0.6,0.2,0.481,0.4505,0.7105,0.75
Joe Ingles,56.5,23.174999999999997,7.65,2.85,3.625,0.625,0.125,0.441,0.4105,0.8245,1.225
Joe Wieskamp,29.0,7.1,2.1,0.5,0.3,0.1,0.1,0.357,0.326,0.538,0.1
Joel Embiid,56.0,33.275,31.725,10.875,4.2,1.075,1.575,0.52225,0.3665,0.85325,3.35
John Collins,59.2,29.72,16.2,7.68,1.46,0.6599999999999999,0.9800000000000001,0.5298,0.365,0.8144,1.5
John Konchar,57.6,17.08,4.18,3.9799999999999995,1.3800000000000001,0.8,0.4,0.46399999999999997,0.363,0.7754,0.48
John Wall,37.0,27.200000000000003,16.0,2.95,6.050000000000001,0.9500000000000001,0.6000000000000001,0.40549999999999997,0.31,0.7150000000000001,2.95
Johnny Davis,37.333333333333336,11.5,3.733333333333333,1.5999999999999999,0.6333333333333333,0.4000000000000001,0.2333333333333333,0.39966666666666667,0.27799999999999997,0.5673333333333334,0.3666666666666667
Johnny Furphy,50.0,7.6,2.1,1.4,0.4,0.4,0.2,0.38,0.3,0.818,0.2
Johnny Juzang,42.0,19.200000000000003,8.05,2.35,1.15,0.4,0.1,0.4465,0.396,0.7815,0.6499999999999999
Jonas Valančiūnas,75.6,25.16,14.319999999999999,10.120000000000001,2.06,0.48,0.76,0.5584,0.32039999999999996,0.8166,1.78
Jonathan Isaac,64.5,15.600000000000001,6.1,4.45,0.55,0.8,1.15,0.46199999999999997,0.3165,0.7010000000000001,0.5
Jonathan Kuminga,64.5,22.075,12.650000000000002,4.025,1.8,0.625,0.42500000000000004,0.50525,0.333,0.6875,1.4
Jonathan Mogbo,63.0,20.4,6.2,4.9,2.3,0.9,0.5,0.438,0.243,0.732,1.1
Jontay Porter,26.0,13.8,4.4,3.2,2.3,0.8,0.8,0.385,0.333,0.833,0.8
Jordan Clarkson,60.0,28.6,17.7,3.62,3.62,0.72,0.16,0.4218,0.3318,0.8436,2.2600000000000002
Jordan Goodwin,49.333333333333336,18.333333333333332,6.233333333333333,3.8666666666666667,2.266666666666667,0.9,0.3666666666666667,0.4183333333333333,0.334,0.7773333333333333,0.9333333333333332
Jordan Hawkins,61.5,20.450000000000003,9.3,2.5,1.1,0.4,0.25,0.377,0.34850000000000003,0.827,0.8
Jordan McLaughlin,51.6,13.34,3.62,1.4,2.6399999999999997,0.7,0.1,0.43759999999999993,0.374,0.7689999999999999,0.6
Jordan Miller,37.0,11.4,4.1,1.6,0.9,0.5,0.1,0.433,0.211,0.8,0.7
Jordan Nwora,51.5,15.275,7.325,3.05,0.95,0.475,0.275,0.44,0.386,0.8045,0.9500000000000001
Jordan Poole,71.0,27.78,17.759999999999998,2.7199999999999998,3.8600000000000003,0.9,0.3,0.43099999999999994,0.351,0.8874000000000001,2.4
Jordan Walsh,52.0,7.8,1.6,1.3,0.4,0.2,0.2,0.361,0.273,0.583,0.3
Jose Alvarado,56.75,19.924999999999997,8.125,2.2249999999999996,3.125,1.2000000000000002,0.22499999999999998,0.41525,0.34075,0.744,1.05
Josh Christopher,69.0,15.15,6.85,1.8,1.55,0.7,0.2,0.4565,0.266,0.7424999999999999,1.2
Josh Giddey,70.0,29.475,14.0,7.55,6.15,0.9,0.5,0.46025,0.32575,0.75675,2.75
Josh Green,58.2,21.36,6.419999999999999,2.62,1.5,0.74,0.16,0.4808,0.33940000000000003,0.6684,0.8800000000000001
Josh Hall,21.0,16.0,4.1,2.8,1.3,0.2,0.0,0.303,0.108,0.5,1.2
Josh Hart,67.0,33.04,11.379999999999999,8.18,4.04,1.1,0.3,0.4862,0.33680000000000004,0.77,1.64
Josh Jackson,56.5,20.75,9.9,3.4499999999999997,1.7,0.7,0.6000000000000001,0.4095,0.277,0.7215,1.5999999999999999
Josh Minott,39.0,4.45,2.1,0.75,0.35,0.25,0.25,0.4805,0.363,0.876,0.15000000000000002
Josh Okogie,56.0,16.240000000000002,5.42,2.58,1.0,0.8400000000000001,0.42000000000000004,0.4114,0.31179999999999997,0.733,0.7
Josh Richardson,58.0,26.0,10.575,2.9,2.375,0.9,0.35,0.435,0.36424999999999996,0.9005,1.1
Joshua Primo,50.0,19.3,5.8,2.3,1.6,0.4,0.5,0.374,0.307,0.746,1.1
Jrue Holiday,64.8,32.239999999999995,15.780000000000001,4.76,5.8,1.28,0.52,0.4812,0.3938,0.8298,2.16
Juan Toscano-Anderson,59.333333333333336,16.0,4.266666666666667,3.0666666666666664,1.9333333333333333,0.6,0.3,0.5053333333333333,0.30333333333333334,0.691,0.9333333333333332
Juancho Hernangomez,44.666666666666664,14.333333333333334,4.466666666666667,3.1,0.6,0.4000000000000001,0.16666666666666666,0.42366666666666664,0.3096666666666667,0.5803333333333334,0.43333333333333335
Julian Champagnie,78.0,21.700000000000003,8.35,3.3499999999999996,1.4,0.6499999999999999,0.5,0.4115,0.368,0.8594999999999999,0.8500000000000001
Julian Phillips,59.5,11.149999999999999,3.4,1.5,0.4,0.35,0.25,0.431,0.3215,0.7365,0.3
Julian Strawther,57.5,16.1,6.75,1.7000000000000002,1.1,0.44999999999999996,0.15000000000000002,0.40049999999999997,0.32299999999999995,0.766,0.7
Julius Randle,67.0,35.22,22.4,9.28,4.9799999999999995,0.6799999999999999,0.32,0.4566,0.34340000000000004,0.7822,3.1799999999999997
Justin Champagnie,49.0,14.700000000000001,5.550000000000001,3.85,0.65,0.6,0.35,0.487,0.37,0.8425,0.55
Justin Edwards,44.0,26.2,10.1,3.4,1.6,1.0,0.4,0.455,0.363,0.696,1.1
Justin Holiday,62.5,22.1,7.275,2.15,1.375,0.7,0.4,0.4095,0.36875,0.7422500000000001,0.6
Justin Jackson,28.5,10.85,4.05,1.5,0.95,0.30000000000000004,0.15000000000000002,0.331,0.279,0.669,0.5
Justin James,36.0,8.6,3.9,0.8,0.6,0.2,0.1,0.468,0.368,0.583,0.4
Justin Minaya,34.0,11.2,1.8,1.6,0.6,0.3,0.3,0.297,0.245,0.556,0.3
Justin Robinson,25.0,12.1,3.1,0.8,1.3,0.4,0.0,0.301,0.295,0.5,0.7
Justise Winslow,34.333333333333336,20.8,6.433333333333334,4.566666666666666,2.3666666666666667,0.7666666666666666,0.4666666666666666,0.39633333333333337,0.241,0.6253333333333333,1.3
Jusuf Nurkić,54.4,25.380000000000003,11.92,9.6,3.0799999999999996,0.9600000000000002,0.86,0.511,0.3156,0.6548,2.2199999999999998
Juwan Morgan,29.0,5.1,1.2,1.0,0.3,0.1,0.0,0.467,0.308,0.429,0.1
KJ Martin,61.8,21.259999999999998,8.18,3.96,1.1800000000000002,0.48,0.5,0.5398,0.31639999999999996,0.6704000000000001,0.76
KJ Simpson,36.0,23.4,7.8,3.0,3.1,0.9,0.2,0.346,0.254,0.82,1.6
KZ Okpala,31.0,10.266666666666666,2.5,1.5999999999999999,0.5333333333333333,0.2333333333333333,0.26666666666666666,0.41033333333333327,0.30633333333333335,0.7116666666666666,0.26666666666666666
Kai Jones,35.666666666666664,8.866666666666667,3.1333333333333333,2.1,0.3666666666666667,0.26666666666666666,0.4666666666666666,0.6663333333333333,0.3036666666666667,0.6083333333333333,0.5
Karl-Anthony Towns,57.4,33.6,23.28,9.92,3.8,0.8400000000000001,0.8400000000000001,0.508,0.3998,0.8513999999999999,2.98
Karlo Matković,42.0,18.8,7.7,5.0,1.1,0.5,1.0,0.574,0.318,0.773,1.0
Kawhi Leonard,52.25,33.475,23.45,6.25,3.95,1.55,0.575,0.51175,0.4105,0.86275,1.85
Keaton Wallace,31.0,16.2,5.4,1.6,2.6,0.9,0.3,0.401,0.329,1.0,1.1
Keegan Murray,77.66666666666667,32.56666666666666,13.266666666666666,5.6000000000000005,1.4333333333333333,0.8666666666666667,0.7333333333333334,0.4503333333333333,0.3706666666666667,0.8096666666666666,0.8000000000000002
Keifer Sykes,32.0,17.7,5.6,1.4,1.9,0.4,0.1,0.363,0.3,0.882,1.0
Keita Bates-Diop,52.25,14.649999999999999,5.425,2.825,0.825,0.525,0.275,0.47675,0.32525,0.744,0.525
Kel'el Ware,64.0,22.2,9.3,7.4,0.9,0.6,1.1,0.554,0.315,0.687,0.9
Kelan Martin,32.5,12.1,5.1,2.0,0.6,0.35,0.3,0.429,0.34650000000000003,0.796,0.5
Keldon Johnson,70.6,29.32,16.04,5.4799999999999995,2.2399999999999998,0.6799999999999999,0.26,0.4666,0.3444,0.762,1.36
Keljin Blevins,31.0,11.3,3.1,1.5,0.6,0.4,0.0,0.306,0.292,0.545,0.5
Kelly Olynyk,60.0,23.78,10.72,5.5200000000000005,3.34,0.9,0.48,0.4972,0.3754,0.8118000000000001,1.8800000000000001
Kelly Oubre Jr.,61.4,30.8,16.240000000000002,5.26,1.36,1.2,0.5599999999999999,0.44420000000000004,0.3168,0.7246,1.22
Kemba Walker,40.0,28.700000000000003,15.45,3.5,4.2,0.9,0.25,0.4115,0.3635,0.872,1.65
Kendrick Nunn,63.0,21.65,10.85,2.4000000000000004,1.9500000000000002,0.65,0.2,0.4545,0.3675,0.8935,1.15
Kennedy Chandler,36.0,7.8,2.2,1.1,1.6,0.3,0.1,0.422,0.133,0.462,0.5
Kenneth Lofton Jr.,22.5,8.35,4.8,1.9500000000000002,1.2000000000000002,0.25,0.15000000000000002,0.49450000000000005,0.3225,0.6234999999999999,0.6
Kenrich Williams,61.2,19.52,6.88,4.0,1.8399999999999999,0.74,0.2,0.49240000000000006,0.38780000000000003,0.554,0.76
Kent Bazemore,53.0,16.95,5.3,2.6,1.25,0.8,0.35,0.3865,0.38549999999999995,0.7284999999999999,0.85
Kentavious Caldwell-Pope,74.6,30.22,10.5,2.68,2.08,1.22,0.44000000000000006,0.44539999999999996,0.3942,0.8674,1.04
Keon Ellis,68.5,20.799999999999997,6.8500000000000005,2.45,1.5,1.2,0.65,0.475,0.425,0.796,0.75
Keon Johnson,52.0,17.866666666666667,7.5,2.3666666666666667,1.9333333333333336,0.7666666666666666,0.3,0.37266666666666665,0.3333333333333333,0.7443333333333334,1.2666666666666666
Kessler Edwards,44.5,12.9,3.6500000000000004,2.25,0.65,0.425,0.325,0.4275,0.3635,0.7635000000000001,0.45
Kevin Durant,54.8,35.92,27.919999999999998,6.76,5.24,0.8,1.2,0.533,0.41600000000000004,0.8812,3.3200000000000003
Kevin Huerter,70.2,27.7,11.86,3.3,2.8,0.9400000000000001,0.33999999999999997,0.4478,0.3706,0.7588,1.08
Kevin Knox II,41.5,12.925,5.2,2.05,0.5,0.30000000000000004,0.15000000000000002,0.41925,0.3375,0.8007500000000001,0.525
Kevin Love,47.8,19.02,9.620000000000001,6.24,1.94,0.45999999999999996,0.18,0.40499999999999997,0.3586,0.8048,1.08
Kevin Pangos,24.0,6.9,1.6,0.5,1.3,0.1,0.0,0.326,0.231,0.75,0.3
Kevin Porter Jr.,55.25,29.375,15.425,4.3,5.4,1.075,0.3,0.43274999999999997,0.34075,0.7322500000000001,2.9
Kevon Harris,34.0,13.4,4.1,2.1,0.5,0.5,0.1,0.439,0.372,0.756,0.6
Kevon Looney,75.0,19.02,5.220000000000001,6.74,1.98,0.5,0.5,0.572,0.127,0.6186,0.62
Keyonte George,71.0,29.25,14.9,3.3,5.0,0.6,0.1,0.391,0.3385,0.833,2.6
Khem Birch,47.333333333333336,16.3,4.633333333333334,3.8000000000000003,0.9,0.5,0.5,0.5253333333333333,0.25,0.7503333333333333,0.5333333333333333
Khris Middleton,51.8,27.98,16.52,4.8,5.0200000000000005,0.96,0.22000000000000003,0.4646,0.36879999999999996,0.876,2.3
Killian Hayes,52.5,25.775,7.725,2.9,5.15,1.125,0.45,0.3815,0.2795,0.76875,2.1
Killian Tillie,36.0,12.8,3.3,1.7,0.6,0.6,0.4,0.339,0.314,0.625,0.4
Kira Lewis Jr.,32.75,12.425,5.025,1.2750000000000001,1.625,0.475,0.1,0.40375,0.27975,0.8474999999999999,0.65
Klay Thompson,62.5,29.85,18.549999999999997,3.675,2.375,0.625,0.45,0.42725,0.39375,0.90325,1.45
Kobe Brown,42.0,7.9,1.95,1.5,0.6,0.25,0.1,0.4345,0.2615,0.607,0.25
Kris Dunn,54.0,22.933333333333334,8.333333333333334,3.6,4.066666666666666,1.2666666666666666,0.43333333333333335,0.482,0.39199999999999996,0.7146666666666667,1.2666666666666666
Kris Murray,65.5,18.4,5.15,3.1,1.15,0.7,0.25,0.4075,0.2465,0.5585,0.75
Kristaps Porziņģis,51.6,30.18,20.619999999999997,7.88,2.1399999999999997,0.7,1.56,0.4864,0.37160000000000004,0.8480000000000001,1.56
Kyle Anderson,69.4,23.259999999999998,8.34,4.64,3.56,1.0,0.7,0.4704,0.3372,0.7203999999999999,1.1
Kyle Filipowski,72.0,21.1,9.6,6.1,1.9,0.7,0.3,0.502,0.35,0.65,1.4
Kyle Guy,31.0,7.6,2.8,1.1,1.0,0.2,0.0,0.33,0.283,0.8,0.4
Kyle Kuzma,66.6,31.9,17.64,6.82,3.12,0.5599999999999999,0.6,0.4484,0.3356,0.7083999999999999,2.4400000000000004
Kyle Lowry,51.8,29.380000000000003,10.76,3.8200000000000003,5.36,1.0,0.33999999999999997,0.4124,0.368,0.8486,1.86
Kyrie Irving,50.2,36.18,26.339999999999996,4.82,5.42,1.3,0.62,0.4878,0.4022,0.9126000000000001,2.2
Kyshawn George,68.0,26.5,8.7,4.2,2.5,1.0,0.7,0.372,0.322,0.753,1.4
LaMarcus Aldridge,36.5,24.1,13.2,5.0,1.4,0.35,1.05,0.5115000000000001,0.346,0.8725,0.95
LaMelo Ball,46.2,32.12,21.64,5.8,7.5,1.48,0.32,0.42279999999999995,0.36219999999999997,0.8362,3.4200000000000004
Lamar Stevens,50.75,15.350000000000001,5.675,2.9,0.625,0.475,0.375,0.46075,0.26425,0.728,0.575
Lance Stephenson,46.0,17.7,8.3,2.8,3.6,0.5,0.1,0.455,0.3,0.788,1.6
Landry Shamet,53.2,19.0,7.82,1.56,1.44,0.52,0.12000000000000002,0.4142,0.3734,0.8122,0.6799999999999999
Langston Galloway,40.0,10.9,4.8,1.1,0.7,0.2,0.0,0.449,0.424,0.957,0.3
Larry Nance Jr.,46.2,22.84,7.459999999999999,5.36,2.04,1.06,0.45999999999999996,0.5384,0.37679999999999997,0.6944,0.9
Lauri Markkanen,56.0,31.1,19.240000000000002,6.74,1.52,0.6799999999999999,0.45999999999999996,0.4654,0.3792,0.8688,1.3199999999999998
LeBron James,59.4,35.260000000000005,26.860000000000003,7.859999999999999,7.459999999999999,1.1199999999999999,0.68,0.518,0.36619999999999997,0.7508,3.5200000000000005
Leaky Black,26.0,10.9,2.7,1.8,0.9,0.3,0.4,0.481,0.45,0.667,0.2
Leandro Bolmaro,35.0,6.9,1.4,1.2,0.6,0.2,0.0,0.315,0.278,0.846,0.4
Lester Quinones,37.0,10.7,4.4,1.9,1.0,0.2,0.1,0.397,0.364,0.69,0.5
Lindy Waters III,39.0,13.475000000000001,5.425000000000001,1.975,0.825,0.42500000000000004,0.25,0.40975,0.375,0.83175,0.30000000000000004
Lonnie Walker IV,52.8,22.56,11.419999999999998,2.5,1.7600000000000002,0.54,0.3,0.4236,0.3544,0.8038000000000001,1.02
Lonzo Ball,41.666666666666664,29.53333333333333,11.733333333333334,4.533333333333333,4.7,1.5333333333333332,0.6666666666666666,0.40099999999999997,0.38166666666666665,0.782,1.9000000000000001
Lou Williams,61.0,17.950000000000003,8.8,1.85,2.65,0.6,0.1,0.40049999999999997,0.381,0.863,1.2000000000000002
Luguentz Dort,65.4,30.139999999999997,13.180000000000001,4.0200000000000005,1.7,0.9600000000000002,0.44000000000000006,0.4104,0.36219999999999997,0.7804,1.2
Luka Dončić,63.4,35.760000000000005,30.119999999999997,8.62,8.559999999999999,1.3599999999999999,0.5,0.47379999999999994,0.359,0.7567999999999999,4.0
Luka Garza,31.0,7.85,4.95,2.0,0.425,0.2,0.1,0.49175,0.31125,0.70425,0.4
Luka Samanic,38.0,9.350000000000001,3.9,2.25,0.45,0.15000000000000002,0.2,0.41400000000000003,0.24100000000000002,0.669,0.6499999999999999
Luke Kennard,59.2,23.5,9.88,2.8600000000000003,2.42,0.5599999999999999,0.1,0.4686,0.4544,0.8936,1.0
Luke Kornet,59.0,14.275,4.625,3.625,1.0750000000000002,0.30000000000000004,0.925,0.61725,0.37124999999999997,0.72975,0.325
Malachi Flynn,53.25,14.399999999999999,5.475,1.75,1.925,0.575,0.1,0.38625,0.3345,0.72975,0.65
Malaki Branham,62.666666666666664,17.966666666666665,8.133333333333333,1.9333333333333336,1.5999999999999999,0.3666666666666667,0.06666666666666667,0.44333333333333336,0.35133333333333333,0.84,1.0333333333333332
Malcolm Brogdon,44.4,29.24,16.72,4.4399999999999995,5.0200000000000005,0.72,0.27999999999999997,0.4516,0.3684,0.8577999999999999,1.7600000000000002
Malik Beasley,71.6,28.2,14.4,3.4200000000000004,1.7,0.74,0.14,0.41980000000000006,0.39239999999999997,0.7657999999999999,0.9800000000000001
Malik Monk,66.4,25.78,14.319999999999999,3.02,3.9200000000000004,0.6799999999999999,0.38,0.4474,0.3652,0.8394,1.86
Mamadi Diakite,22.0,8.0,2.6,1.4,0.4,0.2,0.4,0.48,0.333,1.0,0.5
MarJon Beauchamp,45.0,10.233333333333333,3.9333333333333336,1.866666666666667,0.5333333333333333,0.26666666666666666,0.06666666666666667,0.4326666666666667,0.3586666666666667,0.7196666666666666,0.6333333333333333
Marc Gasol,52.0,19.1,5.0,4.1,2.1,0.5,1.1,0.454,0.41,0.72,1.0
Marcus Morris Sr.,56.25,25.025,11.6,3.8,1.4,0.5,0.3,0.443,0.402,0.823,0.95
Marcus Sasser,64.0,16.6,7.45,1.5,2.8,0.6,0.15000000000000002,0.4455,0.3785,0.861,1.1
Marcus Smart,46.8,29.5,12.040000000000001,3.04,5.08,1.58,0.36,0.41079999999999994,0.3316,0.7716000000000001,2.2399999999999998
Mark Williams,43.5,22.950000000000003,12.15,8.649999999999999,1.45,0.7,1.1,0.6205,0.0,0.7475,1.25
Markelle Fultz,41.333333333333336,19.866666666666667,8.233333333333333,2.6999999999999997,3.266666666666667,1.0,0.26666666666666666,0.46799999999999997,0.34400000000000003,0.8266666666666667,1.3999999999999997
Markieff Morris,40.666666666666664,12.700000000000001,4.333333333333333,2.6333333333333333,0.9,0.3,0.16666666666666666,0.38400000000000006,0.35400000000000004,0.851,0.6333333333333333
Markus Howard,34.0,5.6,3.4499999999999997,0.5,0.35,0.2,0.0,0.3815,0.3385,0.8240000000000001,0.35
Marquese Chriss,34.0,10.2,4.5,3.0,0.5,0.4,0.4,0.463,0.32,0.667,0.5
Marvin Bagley III,42.8,20.619999999999997,10.7,5.94,0.8400000000000001,0.44000000000000006,0.52,0.5284,0.2834,0.6814,0.9800000000000001
Mason Jones,32.0,10.5,5.3,1.7,1.3,0.2,0.0,0.423,0.364,0.625,0.9
Mason Plumlee,65.6,21.94,7.5,7.42,2.56,0.58,0.64,0.6246,0.0,0.6104,1.28
Matas Buzelis,80.0,18.9,8.6,3.5,1.0,0.4,0.9,0.454,0.361,0.815,0.9
Matisse Thybulle,66.75,21.325,4.775,2.075,1.05,1.55,0.875,0.438,0.33125,0.66825,0.5
Matt Ryan,31.0,11.5,4.5,1.1,0.55,0.15000000000000002,0.0,0.402,0.41600000000000004,0.881,0.44999999999999996
Matt Thomas,42.5,9.4,3.55,1.15,0.45,0.15000000000000002,0.05,0.402,0.36150000000000004,0.8285,0.25
Matthew Dellavedova,32.0,6.6,1.5,0.4,1.3,0.2,0.0,0.34,0.333,0.571,0.3
Maurice Harkless,42.0,19.65,4.9,2.4,0.85,0.7,0.5,0.4385,0.2905,0.7404999999999999,0.6499999999999999
Max Christie,62.0,17.966666666666665,5.633333333333333,2.4,1.0999999999999999,0.43333333333333335,0.3,0.423,0.38033333333333336,0.8376666666666667,0.6333333333333334
Max Strus,61.4,24.44,9.959999999999999,3.28,2.2600000000000002,0.52,0.22000000000000003,0.4332,0.367,0.7906000000000001,0.9199999999999999
Maxi Kleber,44.6,23.1,5.4799999999999995,4.16,1.3800000000000001,0.4,0.74,0.41859999999999997,0.3392,0.7604,0.7
Maxwell Lewis,31.0,7.35,2.1999999999999997,1.05,0.44999999999999996,0.2,0.15,0.3035,0.2455,0.6835,0.4
McKinley Wright IV,27.0,12.4,4.2,1.7,2.1,0.3,0.2,0.469,0.321,0.684,0.7
Mfiondu Kabengele,39.0,7.2,2.4,1.5,0.4,0.2,0.3,0.371,0.26,0.8,0.4
Micah Potter,38.0,18.6,4.3,4.3,0.8,0.4,0.4,0.422,0.316,0.85,0.8
Michael Carter-Williams,31.0,25.8,8.8,4.5,4.2,0.8,0.5,0.389,0.246,0.613,2.2
Michael Porter Jr.,70.25,31.425,17.825,6.7,1.425,0.6,0.65,0.50425,0.41275,0.7987500000000001,1.225
Mikal Bridges,80.2,34.980000000000004,17.0,4.12,3.0,1.06,0.58,0.4962,0.38039999999999996,0.8394,1.34
Mike Conley,67.4,28.380000000000003,12.28,2.94,5.68,1.22,0.22000000000000003,0.4328,0.4114,0.8586,1.5
Mike Muscala,48.5,14.625,6.699999999999999,3.1,0.7,0.25,0.375,0.4275,0.3705,0.802,0.425
Mike Scott,51.0,16.7,4.2,2.4,0.8,0.5,0.3,0.36,0.342,0.667,0.4
Miles Bridges,69.75,33.475,18.55,6.95,3.3,0.8,0.7,0.47175,0.34825,0.841,1.9
Miles McBride,59.0,16.4,5.875,1.475,1.675,0.675,0.125,0.378,0.33199999999999996,0.75175,0.375
Mitchell Robinson,48.25,26.225,7.45,8.65,0.625,1.0,1.55,0.665,0.0,0.46749999999999997,0.775
Miye Oni,54.0,9.6,1.9,1.6,0.5,0.2,0.1,0.354,0.341,0.833,0.3
Mo Bamba,51.0,16.619999999999997,6.779999999999999,5.4399999999999995,0.8400000000000001,0.36,1.2,0.4782,0.3518,0.7016,0.76
Monte Morris,45.0,12.7,5.2,1.5,1.6,0.4,0.1,0.426,0.36,0.857,0.5
Montrezl Harrell,65.66666666666667,19.3,10.733333333333334,5.033333333333333,1.2333333333333334,0.4666666666666666,0.5666666666666667,0.6216666666666667,0.07833333333333332,0.7053333333333333,0.9
Monté Morris,54.25,24.3,9.525,2.525,3.75,0.6749999999999999,0.25,0.4625,0.386,0.7947500000000001,0.725
Moritz Wagner,55.0,17.44,10.040000000000001,4.12,1.3199999999999998,0.5599999999999999,0.3,0.5227999999999999,0.33440000000000003,0.799,1.1800000000000002
Moses Brown,35.25,11.825,5.1499999999999995,5.025,0.15,0.3,0.55,0.57025,0.0,0.491,0.6
Moses Moody,63.75,16.125,6.775,2.2,0.8500000000000001,0.44999999999999996,0.275,0.452,0.36524999999999996,0.7645,0.55
Mouhamed Gueye,33.0,16.1,6.0,4.2,0.8,0.8,1.0,0.421,0.259,0.762,0.5
Moussa Diabaté,46.5,13.2,4.2,4.25,0.5,0.44999999999999996,0.5,0.5535,0.25,0.61,0.65
Mychal Mulder,60.0,12.8,5.6,1.0,0.4,0.2,0.2,0.449,0.397,0.636,0.3
Myles Turner,60.0,29.4,15.24,6.9,1.24,0.7,2.4799999999999995,0.5078,0.359,0.7726,1.5
Naji Marshall,59.8,21.080000000000002,8.559999999999999,3.84,2.2600000000000002,0.76,0.2,0.44020000000000004,0.3028,0.7792,1.1800000000000002
Nassir Little,47.25,16.875,6.1,3.15,0.8,0.325,0.45,0.45725000000000005,0.33699999999999997,0.77525,0.6
Nate Hinton,21.0,4.4,2.0,0.4,0.4,0.3,0.1,0.357,0.211,0.7,0.2
Nate Williams,21.0,6.6,3.0999999999999996,0.85,0.4,0.30000000000000004,0.1,0.48750000000000004,0.3155,0.5815,0.44999999999999996
Nathan Knight,36.0,7.766666666666667,3.733333333333333,2.0,0.36666666666666664,0.26666666666666666,0.2333333333333333,0.48299999999999993,0.2846666666666667,0.739,0.5333333333333333
Nathan Mensah,25.0,12.3,1.3,2.6,0.4,0.2,0.6,0.429,0.0,0.75,0.6
Naz Reid,75.2,21.02,11.74,4.92,1.3199999999999998,0.62,0.9200000000000002,0.4976,0.3666,0.7294,1.26
Neemias Queta,45.0,12.9,5.25,4.1,0.7,0.4,0.75,0.647,0.0,0.734,0.55
Nemanja Bjelica,54.0,16.1,6.3,3.75,2.05,0.5,0.25,0.461,0.33999999999999997,0.7264999999999999,1.05
Nerlens Noel,44.5,23.35,4.25,6.0,0.8,1.15,1.7000000000000002,0.5735,0.0,0.707,0.9
Nic Claxton,59.2,25.18,10.0,7.459999999999999,1.6,0.72,1.6800000000000002,0.6384000000000001,0.1276,0.534,1.04
Nick Richards,59.75,18.55,7.55,6.074999999999999,0.65,0.25,0.9,0.6445,0.25,0.732,0.975
Nick Smith Jr.,55.5,18.55,7.9,1.75,1.7999999999999998,0.25,0.1,0.391,0.386,0.901,1.1
Nickeil Alexander-Walker,66.8,21.64,9.040000000000001,2.58,2.3200000000000003,0.72,0.44000000000000006,0.4224,0.3628,0.7434000000000001,1.1800000000000002
Nico Mannion,30.0,12.1,4.1,1.5,2.3,0.5,0.0,0.342,0.367,0.821,1.0
Nicolas Batum,68.4,23.419999999999998,6.36,3.94,1.7400000000000002,0.8400000000000001,0.6,0.4474,0.4046,0.7436,0.64
Nicolo Melli,45.0,12.6,3.0,2.7,1.0,0.3,0.1,0.326,0.271,0.76,0.3
Nikola Jokić,72.8,34.620000000000005,26.8,12.3,9.040000000000001,1.46,0.76,0.588,0.37679999999999997,0.8234,3.3600000000000003
Nikola Jović,46.0,22.3,9.2,4.05,2.4,0.65,0.3,0.454,0.385,0.7649999999999999,1.1
Nikola Vučević,74.8,33.12,19.02,10.86,3.4,0.82,0.78,0.4968,0.3518,0.8124,1.72
Noah Clowney,34.5,19.4,7.449999999999999,3.7,0.8500000000000001,0.4,0.6,0.448,0.34850000000000003,0.7689999999999999,0.85
Noah Vonleh,23.0,7.5,1.1,2.1,0.3,0.1,0.3,0.458,0.25,1.0,0.5
Norman Powell,62.0,29.860000000000003,18.060000000000002,3.0,1.8,0.9400000000000001,0.32,0.4774,0.41600000000000004,0.8258000000000001,1.52
OG Anunoby,56.4,35.1,16.5,5.0,2.22,1.56,0.7,0.4728,0.3804,0.7878000000000001,1.6800000000000002
Obi Toppin,72.4,16.9,8.26,3.3200000000000003,1.1600000000000001,0.42000000000000004,0.36,0.5154,0.3452,0.7698,0.7
Ochai Agbaji,67.0,22.900000000000002,8.033333333333333,2.9,1.2333333333333334,0.6,0.4666666666666666,0.4453333333333333,0.34933333333333333,0.727,0.7666666666666666
Olivier Sarr,22.0,19.1,7.0,4.2,0.9,0.3,0.7,0.574,0.448,0.828,1.0
Olivier-Maxence Prosper,46.0,9.8,3.45,2.2,0.7,0.35,0.1,0.3935,0.262,0.664,0.25
Omer Yurtseven,52.0,12.0,4.949999999999999,4.8,0.75,0.25,0.4,0.532,0.1495,0.651,0.75
Onuralp Bitim,23.0,11.7,3.5,1.4,0.6,0.1,0.1,0.381,0.273,0.8,0.4
Onyeka Okongwu,61.4,21.84,9.26,6.42,1.22,0.64,1.06,0.63,0.193,0.7384000000000001,0.9
Orlando Robinson,37.0,13.200000000000001,4.466666666666667,3.7999999999999994,1.1666666666666667,0.3333333333333333,0.3333333333333333,0.49066666666666664,0.2866666666666667,0.747,0.7000000000000001
Oshae Brissett,52.0,19.05,7.45,4.275,0.875,0.6,0.425,0.431,0.33899999999999997,0.69575,0.55
Oso Ighodaro,61.0,17.1,4.2,3.6,1.2,0.5,0.5,0.604,0.0,0.58,0.6
Otto Porter Jr.,45.5,21.95,8.95,5.550000000000001,1.75,0.8500000000000001,0.3,0.448,0.3725,0.8300000000000001,0.75
Ousmane Dieng,36.333333333333336,12.200000000000001,4.233333333333333,2.1333333333333333,1.0333333333333334,0.3666666666666667,0.20000000000000004,0.4246666666666667,0.29633333333333334,0.7383333333333333,0.6
P.J. Tucker,57.25,23.825,4.125,4.0,1.1500000000000001,0.65,0.25,0.411,0.37875000000000003,0.8285,0.65
P.J. Washington,66.4,30.580000000000002,13.3,6.0,2.28,1.0,1.02,0.4486,0.36,0.7192000000000001,1.64
PJ Dozier,50.0,21.8,7.7,3.6,1.8,0.6,0.4,0.417,0.315,0.636,0.9
Paolo Banchero,66.0,34.36666666666667,22.833333333333332,7.1000000000000005,4.633333333333334,0.8333333333333334,0.5666666666666667,0.4446666666666667,0.319,0.73,2.966666666666667
Pascal Siakam,70.6,35.4,22.06,7.5,4.66,1.0,0.52,0.4968,0.33999999999999997,0.7632,2.12
Pat Connaughton,62.4,21.86,7.040000000000001,3.88,1.52,0.58,0.26,0.43760000000000004,0.35419999999999996,0.76,0.54
Pat Spencer,39.0,6.4,2.5,1.2,1.2,0.4,0.1,0.406,0.227,0.733,0.5
Patrick Baldwin Jr.,31.0,8.233333333333334,3.5,1.8333333333333333,0.43333333333333335,0.26666666666666666,0.19999999999999998,0.43933333333333335,0.422,0.6153333333333334,0.3666666666666667
Patrick Beverley,58.75,23.75,7.275,3.575,3.125,0.875,0.675,0.4115,0.35300000000000004,0.76675,1.0
Patrick Patterson,38.0,15.3,5.2,2.0,0.8,0.4,0.2,0.436,0.357,0.765,0.3
Patrick Williams,64.75,27.125,9.6,4.075,1.525,0.875,0.7,0.44675,0.3895,0.774,1.325
Patty Mills,50.0,18.419999999999998,7.24,1.3199999999999998,1.6199999999999999,0.52,0.08,0.39139999999999997,0.3528,0.8972,0.76
Paul George,51.2,33.88,22.04,6.0200000000000005,4.76,1.6199999999999999,0.44000000000000006,0.4492,0.3814,0.8635999999999999,3.04
Paul Millsap,44.5,16.1,6.25,4.1,1.35,0.6,0.5,0.4335,0.28600000000000003,0.716,0.75
Paul Reed,52.0,10.959999999999999,4.42,3.44,0.72,0.74,0.64,0.5482,0.2142,0.6308,0.58
Paul Watson,27.0,11.0,4.1,1.7,0.6,0.2,0.1,0.463,0.469,0.625,0.3
Payton Pritchard,69.4,19.48,8.68,2.62,2.4,0.54,0.1,0.44420000000000004,0.3958,0.861,0.78
Pelle Larsson,55.0,14.2,4.6,1.7,1.2,0.6,0.1,0.438,0.337,0.672,0.4
Peyton Watson,57.0,17.0,6.033333333333334,2.733333333333333,1.0,0.4333333333333333,1.0,0.478,0.3593333333333333,0.6376666666666667,0.6
Precious Achiuwa,64.0,19.759999999999998,7.5,5.62,0.9600000000000002,0.5599999999999999,0.64,0.49420000000000003,0.23479999999999998,0.6032,0.9800000000000001
Quentin Grimes,60.75,23.475,9.725,2.875,1.85,0.7749999999999999,0.25,0.42775,0.3725,0.7482500000000001,1.0
Quenton Jackson,28.0,13.6,5.8,1.6,1.9,0.8,0.2,0.475,0.375,0.775,0.6
Quinn Cook,23.0,6.8,3.3,0.7,0.8,0.2,0.0,0.426,0.423,0.875,0.3
Quinndary Weatherspoon,20.0,6.1,2.3,0.6,0.4,0.4,0.1,0.457,0.167,0.813,0.5
Quinten Post,42.0,16.3,8.1,3.5,1.3,0.4,0.4,0.449,0.408,0.778,0.8
R.J. Hampton,54.0,18.4,6.966666666666666,2.8000000000000003,1.7666666666666668,0.5666666666666667,0.20000000000000004,0.416,0.3376666666666666,0.6873333333333335,1.0999999999999999
RJ Barrett,66.2,33.44,19.7,5.66,3.5,0.6,0.27999999999999997,0.4492,0.35259999999999997,0.709,2.2800000000000002
Rajon Rondo,42.0,17.5,5.1,2.5999999999999996,4.4,0.8,0.15000000000000002,0.41400000000000003,0.378,0.836,1.75
Raul Neto,60.666666666666664,17.333333333333332,6.5,1.7666666666666666,2.3333333333333335,0.7666666666666667,0.06666666666666667,0.48300000000000004,0.32266666666666666,0.8543333333333334,0.8000000000000002
Rayan Rupert,45.5,12.5,3.5,1.85,1.05,0.3,0.1,0.3715,0.315,0.7635000000000001,0.7
Reece Beekman,36.0,13.0,2.6,1.1,1.8,0.9,0.1,0.327,0.175,0.762,0.6
Reed Sheppard,52.0,12.6,4.4,1.5,1.4,0.7,0.3,0.351,0.338,0.813,0.7
Reggie Bullock Jr.,63.75,24.45,7.225,3.05,1.0999999999999999,0.6,0.17500000000000002,0.41675,0.38825,0.86125,0.5
Reggie Jackson,64.6,22.64,10.459999999999999,2.38,3.3199999999999994,0.6,0.12000000000000002,0.41500000000000004,0.3578,0.8316000000000001,1.3800000000000001
Reggie Perry,26.0,8.1,3.0,2.8,0.5,0.2,0.2,0.41,0.19,0.769,0.6
Richaun Holmes,43.8,18.5,8.02,5.5,1.0,0.33999999999999997,0.8,0.624,0.308,0.7834,0.8
Ricky Council IV,52.5,13.05,6.35,2.15,0.9,0.35,0.1,0.432,0.3165,0.775,0.44999999999999996
Ricky Rubio,45.0,23.933333333333334,8.966666666666667,3.1666666666666665,5.5,1.2,0.16666666666666666,0.3646666666666667,0.301,0.8403333333333333,1.7000000000000002
Rob Dillingham,49.0,10.5,4.5,1.0,2.0,0.4,0.0,0.441,0.338,0.533,1.1
Robert Covington,54.5,23.075,6.85,4.75,1.25,1.25,0.95,0.42625,0.37325,0.81075,0.775
Robert Williams III,42.0,22.4,7.95,7.675000000000001,1.575,0.75,1.775,0.7112499999999999,0.08325,0.7075,0.975
Robin Lopez,48.0,14.733333333333334,6.366666666666667,2.9,0.9333333333333332,0.13333333333333333,0.43333333333333335,0.6086666666666667,0.37033333333333335,0.698,1.0
Rodions Kurucs,21.0,5.9,1.5,1.1,0.5,0.4,0.2,0.344,0.286,0.75,0.6
Rodney Hood,53.5,15.350000000000001,3.8,1.7,0.85,0.35,0.1,0.3655,0.3155,0.876,0.44999999999999996
Rodney McGruder,41.5,15.6,5.550000000000001,2.25,0.9,0.45,0.05,0.422,0.41000000000000003,0.7745,0.4
Romeo Langford,45.5,17.85,5.7,2.5,0.8,0.55,0.3,0.451,0.3015,0.622,0.5
Ronald Holland II,81.0,15.6,6.4,2.7,1.0,0.6,0.2,0.474,0.238,0.754,0.9
Royce O'Neale,75.6,28.74,8.0,5.24,2.7399999999999998,0.8800000000000001,0.5,0.42140000000000005,0.38780000000000003,0.7588,1.1
Rudy Gay,58.0,18.366666666666667,8.233333333333333,4.033333333333333,1.1333333333333333,0.5,0.39999999999999997,0.4046666666666667,0.32666666666666666,0.8153333333333334,0.8666666666666667
Rudy Gobert,71.0,32.18,13.86,12.72,1.34,0.72,1.94,0.6754,0.0,0.6538,1.6
Rui Hachimura,57.8,27.160000000000004,12.6,4.62,1.2,0.6,0.3,0.5002,0.38580000000000003,0.743,0.86
Russell Westbrook,71.8,30.04,16.2,6.92,7.38,1.1800000000000002,0.4,0.4444,0.304,0.6656000000000001,3.4799999999999995
Ryan Arcidiacono,28.0,7.033333333333332,1.4666666666666668,0.9,0.9,0.19999999999999998,0.0,0.22066666666666665,0.24033333333333332,0.21666666666666667,0.23333333333333336
Ryan Dunn,74.0,19.1,6.9,3.6,0.8,0.6,0.5,0.43,0.311,0.487,0.5
Ryan Rollins,56.0,14.6,6.2,1.9,1.9,0.8,0.3,0.487,0.408,0.8,0.9
Saben Lee,33.5,13.8,5.05,1.875,2.625,0.7,0.175,0.4075,0.26825,0.73875,0.85
Saddiq Bey,73.0,30.15,13.95,5.275,1.7999999999999998,0.825,0.2,0.4095,0.35075,0.8422499999999999,0.975
Sam Hauser,64.0,16.475,6.6,2.6,0.8,0.375,0.22499999999999998,0.453,0.4225,0.65025,0.3
Sam Merrill,54.0,15.0,6.066666666666666,1.7333333333333334,1.3333333333333333,0.4333333333333333,0.10000000000000002,0.41733333333333333,0.4076666666666667,0.965,0.3666666666666667
Sandro Mamukelashvili,47.75,11.55,5.074999999999999,3.15,0.95,0.275,0.275,0.47275,0.349,0.7444999999999999,0.5
Santi Aldama,58.75,21.25,9.075,4.925,1.7999999999999998,0.575,0.55,0.4475,0.29874999999999996,0.67175,0.875
Sasha Vezenkov,42.0,12.2,5.4,2.3,0.5,0.5,0.2,0.44,0.375,0.8,0.3
Scoot Henderson,64.0,27.6,13.35,3.05,5.25,0.9,0.2,0.402,0.3395,0.7929999999999999,3.05
Scottie Barnes,69.0,34.474999999999994,17.45,7.5,5.05,1.225,1.0,0.46725,0.2985,0.76075,2.3499999999999996
Scotty Pippen Jr.,50.0,23.200000000000003,11.4,3.25,4.550000000000001,1.5,0.45,0.4865,0.40700000000000003,0.729,2.2
Sekou Doumbouya,56.0,15.5,5.1,2.6,0.8,0.4,0.2,0.379,0.226,0.703,0.8
Semi Ojeleye,43.0,15.25,3.9499999999999997,2.55,0.5,0.25,0.1,0.353,0.3335,0.7715000000000001,0.35
Serge Ibaka,47.5,19.8,8.95,5.65,1.35,0.2,0.8500000000000001,0.505,0.35650000000000004,0.769,0.9500000000000001
Seth Curry,58.8,22.28,9.66,2.06,1.9600000000000002,0.62,0.12000000000000002,0.4574,0.417,0.8888,0.9199999999999999
Shaedon Sharpe,61.333333333333336,28.86666666666667,14.766666666666666,4.166666666666667,2.3000000000000003,0.7666666666666666,0.3,0.44333333333333336,0.33466666666666667,0.7743333333333333,1.8
Shai Gilgeous-Alexander,62.0,34.42,28.48,5.0,5.98,1.48,0.8800000000000001,0.5050000000000001,0.35819999999999996,0.859,2.6399999999999997
Shake Milton,59.8,18.4,7.92,2.16,2.38,0.44000000000000006,0.2,0.44320000000000004,0.33799999999999997,0.8263999999999999,0.9800000000000001
Shaquille Harrison,34.0,9.8,2.1,1.4,0.7,0.5,0.1,0.333,0.188,0.818,0.3
Sidy Cissoko,22.0,5.2,1.5,1.0,0.7,0.1,0.0,0.433,0.231,0.333,0.5
Simone Fontecchio,64.33333333333333,18.7,7.566666666666667,2.766666666666667,1.0666666666666667,0.4666666666666666,0.2333333333333333,0.4103333333333334,0.35533333333333333,0.8153333333333332,0.8333333333333334
Sindarius Thornwell,21.0,10.3,2.0,0.9,1.0,0.6,0.1,0.326,0.304,0.5,0.3
Skylar Mays,33.0,9.166666666666666,3.5999999999999996,1.0333333333333334,1.2333333333333334,0.43333333333333335,0.06666666666666667,0.4483333333333334,0.322,0.8446666666666666,0.39999999999999997
Solomon Hill,71.0,21.3,4.5,3.0,1.1,0.7,0.2,0.359,0.321,0.761,0.6
Spencer Dinwiddie,75.25,29.85,13.125,3.225,5.2,0.775,0.25,0.4155,0.34475,0.79825,1.475
Spencer Jones,20.0,6.2,1.3,0.9,0.3,0.3,0.3,0.324,0.059,1.0,0.3
Stanley Johnson,46.333333333333336,18.3,5.633333333333333,2.966666666666667,1.8,0.7666666666666666,0.26666666666666666,0.4603333333333333,0.36400000000000005,0.7276666666666666,0.9
Stanley Umude,23.0,8.35,3.0,1.4500000000000002,0.35,0.2,0.3,0.316,0.3265,0.7030000000000001,0.35
Stephen Curry,65.4,33.660000000000004,27.560000000000002,5.14,5.9,1.04,0.34,0.462,0.40659999999999996,0.922,3.1
Stephon Castle,81.0,26.7,14.7,3.7,4.1,0.9,0.3,0.428,0.285,0.724,2.2
Sterling Brown,50.0,18.450000000000003,5.75,3.7,1.0499999999999998,0.5,0.15000000000000002,0.4145,0.3635,0.8695,0.65
Steven Adams,58.5,23.675,6.75,9.0,2.175,0.775,0.775,0.57575,0.0,0.45325,1.4
Svi Mykhailiuk,46.6,15.52,6.56,1.8800000000000001,1.42,0.52,0.12000000000000002,0.4104,0.35960000000000003,0.7518,0.8800000000000001
T.J. McConnell,64.2,21.339999999999996,9.02,3.04,5.34,1.24,0.24,0.5316000000000001,0.3544,0.7794,1.58
T.J. Warren,42.0,16.4,7.5,2.9,1.0,0.5,0.3,0.489,0.328,0.8,0.5
Taj Gibson,40.6,14.02,3.56,3.4,0.6599999999999999,0.36,0.6,0.513,0.3256,0.7698,0.5
Talen Horton-Tucker,59.8,19.56,9.26,2.62,2.84,0.78,0.36,0.42919999999999997,0.30060000000000003,0.7734,1.3800000000000001
Tari Eason,53.666666666666664,22.766666666666666,10.366666666666667,6.466666666666666,1.2666666666666666,1.4333333333333333,0.7999999999999999,0.467,0.34833333333333333,0.7160000000000001,1.0666666666666667
Taurean Prince,64.4,23.080000000000002,8.6,2.98,1.58,0.72,0.36,0.44420000000000004,0.3984,0.8006,1.02
Taylor Hendricks,40.0,21.4,7.3,4.6,0.8,0.7,0.8,0.45,0.379,0.793,0.7
Terance Mann,74.2,23.34,8.620000000000001,3.72,1.98,0.58,0.24,0.5046,0.3776,0.7826,0.78
Terence Davis,51.666666666666664,16.2,8.6,2.6,1.2333333333333334,0.7333333333333334,0.26666666666666666,0.4246666666666667,0.35400000000000004,0.809,0.9666666666666668
Terrence Ross,57.333333333333336,24.46666666666667,11.299999999999999,2.8000000000000003,1.8666666666666665,0.6666666666666666,0.3,0.413,0.3323333333333333,0.842,1.1666666666666667
Terrence Shannon Jr.,32.0,10.6,4.3,1.5,1.0,0.2,0.2,0.482,0.355,0.81,0.5
Terry Rozier,66.0,32.56,18.240000000000002,4.1,4.4,1.08,0.3,0.4286,0.3496,0.8398,1.64
Terry Taylor,31.666666666666668,12.066666666666668,4.666666666666667,2.6333333333333333,0.6,0.23333333333333336,0.16666666666666666,0.549,0.267,0.6836666666666668,0.39999999999999997
Thaddeus Young,51.75,17.15,6.725,4.1,2.35,0.95,0.3,0.556,0.235,0.54725,1.075
Thanasis Antetokounmpo,44.0,7.449999999999999,2.2,1.475,0.55,0.25,0.175,0.501,0.096,0.41000000000000003,0.5
Theo Maledon,53.333333333333336,21.5,7.966666666666666,2.8666666666666667,3.0666666666666664,0.7666666666666666,0.2333333333333333,0.38166666666666665,0.3076666666666667,0.7963333333333334,1.6000000000000003
Theo Pinson,40.0,8.1,2.4,1.6,1.2,0.2,0.0,0.356,0.355,0.846,0.3
Thomas Bryant,47.5,15.2,7.3500000000000005,4.3,0.7,0.3,0.575,0.5569999999999999,0.30825,0.836,0.6
Tidjane Salaün,60.0,20.7,5.9,4.7,1.2,0.5,0.2,0.33,0.283,0.713,1.0
Tim Hardaway Jr.,67.8,28.619999999999997,14.12,3.22,1.8399999999999999,0.6,0.14,0.41000000000000003,0.3666,0.8099999999999999,0.8
Timothe Luwawu-Cabarrot,55.0,15.65,5.4,1.9000000000000001,1.0,0.44999999999999996,0.1,0.3815,0.3375,0.834,0.55
Tobias Harris,70.4,33.12,16.46,6.34,2.96,0.8800000000000001,0.6799999999999999,0.4918,0.3696,0.8698,1.4
Tomas Satoransky,56.5,19.5,5.65,2.3499999999999996,4.0,0.6,0.15000000000000002,0.4455,0.282,0.8220000000000001,1.25
Tony Bradley,48.5,13.15,5.05,4.55,0.7,0.30000000000000004,0.6499999999999999,0.625,0.0,0.673,0.7
Tony Snell,50.0,18.3,4.4,2.15,0.9,0.3,0.2,0.4595,0.46049999999999996,1.0,0.4
Torrey Craig,57.2,18.64,5.88,4.04,1.1,0.5399999999999999,0.54,0.4484,0.36960000000000004,0.7302,0.64
Tosan Evbuomwan,28.0,23.7,9.5,4.3,2.0,0.9,0.4,0.427,0.312,0.753,1.4
Toumani Camara,74.0,28.75,9.4,5.35,1.7000000000000002,1.2,0.55,0.454,0.356,0.74,1.2999999999999998
Trae Young,68.4,35.08,25.96,3.3,10.34,1.06,0.16,0.43360000000000004,0.3546,0.8812,4.26
Trayce Jackson-Davis,65.0,16.1,7.25,5.0,1.45,0.4,0.8500000000000001,0.639,0.0,0.5695,0.7
Tre Jones,59.4,20.119999999999997,7.720000000000001,2.54,4.3,0.78,0.1,0.4932,0.3624,0.8423999999999999,1.0
Tre Mann,56.0,21.53333333333333,9.133333333333335,2.9333333333333336,2.433333333333333,0.8666666666666667,0.16666666666666666,0.41500000000000004,0.34933333333333333,0.7733333333333334,1.2333333333333334
Tremont Waters,26.0,9.1,3.8,0.8,2.4,0.6,0.0,0.405,0.395,0.941,1.0
Trendon Watford,54.25,17.875,8.025,3.65,1.925,0.5,0.35,0.522,0.33875,0.75775,1.225
Trent Forrest,37.75,11.45,2.675,1.525,1.85,0.35,0.1,0.434,0.14425,0.806,0.675
Trevelin Queen,31.0,13.9,4.9,1.7,1.2,1.0,0.3,0.381,0.286,0.857,0.7
Trevor Ariza,27.0,23.65,6.7,4.1,1.4500000000000002,0.75,0.44999999999999996,0.372,0.31,0.6645000000000001,0.6
Trey Alexander,24.0,4.9,1.3,0.5,0.5,0.1,0.0,0.317,0.176,0.75,0.2
Trey Burke,52.0,12.6,5.85,0.8500000000000001,1.35,0.44999999999999996,0.05,0.4095,0.3355,0.8825000000000001,0.55
Trey Jemison III,31.5,16.65,4.65,4.1,0.75,0.35,0.75,0.5525,0.0,0.617,1.0
Trey Lyles,59.8,18.52,7.359999999999999,4.38,1.02,0.4,0.27999999999999997,0.45339999999999997,0.3516,0.7338,0.7
Trey Murphy III,62.75,27.4,13.975,4.0,1.925,0.875,0.44999999999999996,0.44375,0.38225,0.87225,0.9
Tristan Thompson,50.0,14.725,4.6499999999999995,5.05,0.85,0.275,0.4,0.524,0.08325,0.40975,0.7250000000000001
Tristan Vukcevic,35.0,14.6,9.4,3.7,1.1,0.3,0.7,0.496,0.373,0.776,1.2
Tristan da Silva,74.0,22.0,7.2,3.3,1.5,0.4,0.2,0.412,0.335,0.873,0.8
Troy Brown Jr.,58.75,17.475,5.075,3.175,1.05,0.5,0.15000000000000002,0.413,0.34525,0.8049999999999999,0.525
Ty Jerome,49.0,19.65,9.3,2.15,3.075,0.7,0.1,0.457,0.38525,0.84325,1.05
TyTy Washington Jr.,31.0,14.0,4.7,1.5,1.5,0.5,0.1,0.363,0.238,0.556,0.5
Tyler Cook,26.0,11.85,4.15,2.85,0.35,0.25,0.15000000000000002,0.6375,0.25,0.571,0.55
Tyler Herro,61.2,33.339999999999996,20.119999999999997,5.18,4.32,0.74,0.18,0.4476,0.3816,0.8678000000000001,2.34
Tyler Johnson,39.0,17.5,5.4,2.0,1.2,0.4,0.0,0.393,0.364,0.857,0.4
Tyler Kolek,41.0,7.2,2.0,0.7,1.7,0.3,0.1,0.329,0.298,0.765,0.4
Tyler Smith,23.0,5.3,2.9,1.1,0.2,0.1,0.2,0.48,0.433,0.75,0.3
Tyrese Haliburton,66.6,32.9,17.54,3.62,8.8,1.44,0.58,0.477,0.395,0.8552,2.12
Tyrese Martin,60.0,21.9,8.7,3.7,2.0,0.6,0.2,0.406,0.351,0.793,1.2
Tyrese Maxey,63.6,31.880000000000003,19.6,2.96,4.42,0.9400000000000001,0.32,0.46299999999999997,0.37439999999999996,0.8657999999999999,1.46
Tyus Jones,74.0,23.8,9.5,2.4,5.18,0.96,0.12,0.4514,0.382,0.8460000000000001,0.86
Udoka Azubuike,36.0,10.0,3.5,3.3,0.3,0.2,0.4,0.819,0.0,0.35,0.5
Usman Garuba,49.5,11.45,2.5,3.8,0.8,0.5,0.45,0.45899999999999996,0.3285,0.6655,0.44999999999999996
Vasilije Micic,50.5,19.35,6.8,1.85,3.75,0.45,0.05,0.389,0.3195,0.821,1.7999999999999998
Victor Oladipo,37.5,29.5,15.25,3.9,4.05,1.4,0.35,0.40249999999999997,0.328,0.7505,2.3
Victor Wembanyama,58.5,31.450000000000003,22.85,10.8,3.8,1.15,3.7,0.47050000000000003,0.3385,0.8160000000000001,3.45
Vince Williams Jr.,39.5,23.05,8.3,4.6,2.7,0.65,0.5,0.4235,0.326,0.796,1.5
Vlatko Čančar,50.5,10.850000000000001,3.55,1.65,0.8,0.35,0.1,0.46699999999999997,0.3235,0.8480000000000001,0.44999999999999996
Vít Krejčí,34.5,18.375,5.175,2.35,1.85,0.5,0.275,0.44975,0.3535,0.727,0.75
Walker Kessler,65.33333333333333,25.433333333333334,9.466666666666667,9.366666666666667,1.1666666666666667,0.5,2.3666666666666667,0.6789999999999999,0.24,0.5459999999999999,1.0999999999999999
Wayne Ellington,44.5,20.4,8.15,1.8,1.1,0.45,0.15000000000000002,0.4275,0.40549999999999997,0.8089999999999999,0.55
Wendell Carter Jr.,59.2,27.3,12.3,8.3,2.1399999999999997,0.62,0.64,0.5076,0.317,0.7183999999999999,1.5
Wendell Moore Jr.,30.0,7.3999999999999995,2.1,1.2333333333333334,0.6666666666666666,0.3666666666666667,0.10000000000000002,0.4623333333333333,0.153,0.5393333333333333,0.43333333333333335
Wenyen Gabriel,38.333333333333336,13.466666666666667,4.766666666666667,3.5,0.5,0.3333333333333333,0.43333333333333335,0.4956666666666667,0.3233333333333333,0.6203333333333333,0.6666666666666666
Wes Iwundu,41.0,13.1,2.4,2.2,0.4,0.4,0.1,0.333,0.122,0.839,0.5
Wesley Matthews,48.75,16.825,4.1,1.8,0.725,0.5,0.275,0.3655,0.334,0.81175,0.325
Will Barton,61.0,26.933333333333334,11.399999999999999,3.733333333333333,3.033333333333333,0.7333333333333334,0.3333333333333333,0.4143333333333333,0.371,0.7916666666666666,1.4666666666666668
Willie Cauley-Stein,36.5,13.100000000000001,3.5,3.25,0.6,0.35,0.5,0.5445,0.2955,0.5640000000000001,0.45
Willy Hernangomez,45.0,15.6,7.933333333333334,6.2,1.1,0.43333333333333335,0.39999999999999997,0.5366666666666666,0.2353333333333333,0.7396666666666668,0.9
Xavier Tillman,52.0,15.180000000000001,4.9399999999999995,3.5,1.1400000000000001,0.76,0.48,0.4612,0.2424,0.6062000000000001,0.62
Yuki Kawamura,22.0,4.2,1.6,0.5,0.9,0.1,0.0,0.367,0.304,0.778,0.2
Yuta Watanabe,45.0,13.975,4.425,2.4,0.65,0.4,0.325,0.42225,0.37,0.68475,0.475
Yves Missi,73.0,26.8,9.1,8.2,1.4,0.5,1.3,0.547,0.0,0.623,1.1
Zaccharie Risacher,75.0,24.6,12.6,3.6,1.2,0.7,0.5,0.458,0.355,0.711,1.2
Zach Collins,56.0,19.55,9.25,5.45,2.4,0.525,0.7250000000000001,0.49975,0.33425,0.79975,1.6
Zach Edey,66.0,21.5,9.2,8.3,1.0,0.5,1.3,0.58,0.346,0.709,1.3
Zach LaVine,60.2,35.160000000000004,23.880000000000003,4.720000000000001,4.340000000000001,0.78,0.3,0.4862,0.3956,0.8458,2.7
Zeke Nnaji,50.2,12.16,4.279999999999999,2.3,0.38,0.32,0.44000000000000006,0.5034,0.344,0.6734,0.42000000000000004
Ziaire Williams,53.25,20.425,8.0,3.075,1.175,0.675,0.25,0.422,0.305,0.80075,1.025
Zion Williamson,47.5,31.575000000000003,25.125,6.8,4.65,1.075,0.7,0.589,0.3065,0.6925,2.975
