G,GS,MP,FG,FGA,FG%,3P,3PA,3P%,2P,2PA,2P%,eFG%,FT,FTA,FT%,ORB,DRB,TRB,AST,STL,BLK,TOV,PF,PTS,Name
30,30,33.3,6.8,14.7,0.46,1.6,4.5,0.346,5.2,10.2,0.511,0.514,2.5,3.6,0.692,2.1,5.1,7.2,1.3,1,1.3,2,2.8,17.6,Airious Bailey
133,61,22.1,3.2,7.1,0.456,1.1,2.8,0.373,2.2,4.2,0.512,0.531,1.7,1.8,0.924,0.5,1.6,2.1,1,0.7,0.1,1.1,1.6,9.2,Tamar Bates
149,37,24.9,3.1,6.8,0.45,2.1,4.9,0.434,0.9,1.9,0.491,0.606,0.5,0.6,0.802,0.3,2.9,3.1,1.1,0.4,0.2,0.7,1,8.8,Koby Brea
168,163,27.2,6.5,12.1,0.539,0.4,1.2,0.302,6.1,10.8,0.566,0.555,2.7,4.5,0.603,3.1,6.4,9.5,1.7,0.8,2.5,1.8,2.4,16.1,Johni Broome
37,5,19.3,2.2,4.8,0.46,1.1,2.8,0.371,1.1,1.9,0.592,0.571,1.1,1.6,0.695,0.9,3.2,4.1,1,0.9,1,1,2.3,6.5,Carter Bryant
68,30,20.9,2.5,6.5,0.385,1.1,3.8,0.304,1.4,2.8,0.497,0.473,1.5,1.8,0.829,0.6,2.7,3.2,1.8,1.4,0.8,1.2,1.6,7.7,Miles Byrd
154,122,25.6,3.7,7.9,0.469,1,2.7,0.364,2.7,5.1,0.525,0.532,1.7,2.4,0.724,1,4.9,5.9,2.4,0.9,0.6,1.7,2.1,10.1,Nique Clifford
73,36,22.7,3.2,6.6,0.479,0.4,1.3,0.313,2.8,5.3,0.521,0.51,2.4,3.8,0.631,2.4,4.6,7,1.7,0.6,1.3,1.4,2.4,9.2,Alex Condon
72,40,26.5,4.3,7.3,0.595,1.1,2.7,0.388,3.3,4.6,0.72,0.668,2.1,2.5,0.832,1.6,4.6,6.2,1.9,0.9,0.8,1.6,2.1,11.8,Cedric Coward
33,33,27.5,3.8,9.3,0.412,1.3,4.7,0.273,2.5,4.6,0.553,0.48,1.7,2.5,0.695,0.3,3.6,3.9,5.5,1.2,0.4,2.9,1.2,10.6,Egor Demin
162,141,27.5,5,10.5,0.471,1.4,3.5,0.387,3.6,7,0.513,0.536,3,3.7,0.813,2.1,3.5,5.6,1.4,0.7,0.4,1.5,1.9,14.3,Eric Dixon
33,33,32.7,5,11.5,0.436,1.6,4.6,0.34,3.5,6.9,0.5,0.504,3.4,4.3,0.782,2,3.6,5.6,3.2,2.1,0.6,1.9,2.5,15,Vj Edgecombe
34,31,30.2,5.3,12.2,0.434,1.1,3.9,0.284,4.2,8.3,0.505,0.48,5.4,6.3,0.851,0.7,3.4,4.1,4.1,1.6,0.1,3.4,1.9,17.1,Jeremiah Fears
37,37,30.7,6.5,13.4,0.481,1.4,3.6,0.385,5.1,9.8,0.517,0.533,4.8,5.8,0.84,1.3,6.2,7.5,4.2,1.4,1.4,2.1,1.9,19.2,Cooper Flagg
21,18,31.8,4.6,12,0.379,1.7,5,0.34,2.9,7,0.408,0.451,2.6,3.1,0.833,0.5,2.8,3.2,5.1,1.5,0,1.4,1.8,13.5,Boogie Fland
101,88,26.4,3.9,7.6,0.51,1.2,3.3,0.349,2.7,4.3,0.635,0.586,1.6,2.4,0.68,2.2,4.9,7.1,0.9,1,1.3,1.2,2.5,10.6,Rasheer Fleming
154,143,21.6,4.5,7.2,0.616,0.1,0.2,0.333,4.4,7,0.625,0.621,2.7,4,0.668,2.2,3.8,6,0.6,0.4,1.3,1.5,2.2,11.7,Vladislav Goldin
72,66,33.1,6.3,13,0.484,0.8,2.6,0.332,5.4,10.4,0.521,0.517,6.5,8.2,0.791,1,4.3,5.3,3.5,1.8,0.1,2.8,1.9,19.9,Pj Haggerty
29,28,32.6,6.7,13.8,0.484,1.7,5.2,0.333,5,8.7,0.574,0.546,4.3,5.8,0.75,0.8,3.8,4.6,4,1.4,0.6,2.4,1.9,19.4,Dylan Harper
33,33,31.8,4.5,10.3,0.44,1.6,5.2,0.318,2.9,5.1,0.562,0.519,4.3,5.1,0.845,1.4,4.3,5.7,4.7,0.9,0.3,3.7,2.7,15,Kasparas Jakucionis
153,139,32,3.1,6.5,0.481,0.8,2.3,0.358,2.3,4.2,0.548,0.544,2.2,3.1,0.715,0.7,3.8,4.5,3,1.4,0.5,1.4,2.4,9.3,Sion James
55,26,18.2,2.3,5.1,0.45,0,0,0,2.3,5.1,0.452,0.45,1.1,1.7,0.63,1.6,2.4,4,0.5,0.6,0.9,1.3,2.3,5.7,Tre Johnson
137,113,28.1,5.7,12,0.475,2.3,6.3,0.366,3.4,5.8,0.593,0.57,1.2,1.8,0.671,0.4,2.7,3.1,2.9,1.2,0.1,1.3,1.8,14.9,Kam Jones
169,138,29.3,5.8,8.8,0.658,0.3,0.9,0.311,5.6,8,0.696,0.674,2.5,3.6,0.709,2.6,4.2,6.8,1.1,0.4,2.4,1.3,1.6,14.5,Ryan Kalkbrenner
36,24,24,2.7,5.8,0.462,1,2.8,0.35,1.7,3,0.565,0.546,2,2.5,0.802,0.7,2.6,3.3,1,0.6,0.5,1.1,1.9,8.3,Karter Knox
39,39,30.5,4.6,9.7,0.479,2.2,5.3,0.406,2.5,4.4,0.567,0.59,3,3.3,0.914,1,3,4,2.7,1,0.2,1.4,2.1,14.4,Kon Knueppel
142,87,25.5,4,8.6,0.458,1.9,4.8,0.402,2,3.8,0.53,0.571,1.5,1.8,0.824,0.6,2.7,3.3,1.2,0.7,0.2,0.9,1.2,11.4,Chaz Lanier
72,68,31.9,5.5,10.6,0.518,0.5,1.5,0.349,5,9.1,0.546,0.543,4.3,5.5,0.778,3.4,7.5,11,3.2,1.2,1.9,2.1,2.6,15.8,Yaxel Lendeborg
85,52,26,5.1,11.6,0.439,0.8,2.6,0.314,4.3,9,0.475,0.474,3.1,4.1,0.759,1.7,3.9,5.6,1.5,1.3,0.4,2,2.3,14.1,Rj Luis
39,39,21.2,3.5,4.9,0.712,0.1,0.4,0.25,3.4,4.5,0.754,0.723,1.5,2,0.766,2.7,3.8,6.6,0.5,0.2,1.3,0.8,2.1,8.6,Khaman Maluach
162,122,26.5,4.3,9.7,0.442,2,5.4,0.364,2.3,4.3,0.541,0.544,1.9,2.5,0.76,1.3,3.6,4.9,1.6,1.3,0.3,1.4,1.8,12.5,Alijah Martin
27,26,32.1,4.4,11.5,0.381,1.7,5.4,0.317,2.7,6.1,0.436,0.455,4.1,4.7,0.866,0.9,5,6,2.3,0.6,0.2,1.9,2,14.5,Liam Mcneeley
110,81,23.5,3.6,7.7,0.473,0.7,1.9,0.35,3,5.8,0.515,0.518,2.7,3.5,0.762,1.6,3.7,5.3,0.6,0.6,0.8,1.4,2.2,10.6,Jalon Moore
60,51,27,5.3,8.9,0.59,0.2,0.7,0.231,5.1,8.3,0.618,0.598,3.2,4.6,0.695,2.3,4.8,7.1,2.1,1.3,1.2,1.9,2.5,13.8,Collin Murray-boyles
160,127,25.8,4.3,8.6,0.507,0.8,2.7,0.287,3.6,5.9,0.606,0.552,2.5,3.4,0.733,1.7,4.7,6.4,1.4,0.5,1.4,1.8,2.6,11.9,Grant Nelson
134,134,34.9,4.3,9.9,0.432,1.2,3.4,0.347,3.1,6.5,0.478,0.492,1.9,2.5,0.784,0.3,3.2,3.5,6.6,1.2,0.1,2.5,1.8,11.7,Ryan Nembhard
33,33,29,5.8,10.7,0.543,0.8,2.7,0.292,5,8,0.627,0.58,3.1,4.1,0.748,3.3,3.5,6.9,0.9,1,1,1.1,2.4,15.4,Asa Newell
34,33,27.9,4.6,9.6,0.479,0.6,1.9,0.292,4.1,7.7,0.525,0.508,1.6,2.9,0.556,2.5,3.6,6.1,1.4,0.7,0.5,1.9,3.1,11.4,Lachlan Olbrich
96,73,22.8,4,8.3,0.486,0.5,1.4,0.361,3.5,6.9,0.511,0.516,2.7,3.8,0.714,0.9,2.7,3.6,1,1.4,0.4,1.5,2.3,11.3,Otega Oweh
159,108,25.9,3.8,8.4,0.451,0.6,1.9,0.323,3.1,6.4,0.491,0.489,1.3,2.1,0.606,1.6,2.6,4.2,2,1.2,0.4,1.7,2.5,9.5,Micah Peavy
38,1,22.9,3.8,9.1,0.421,1.8,5,0.366,2,4.1,0.487,0.522,2.1,2.6,0.804,0.2,2,2.2,3,0.9,0.2,1.6,2.4,11.6,Tahaad Pettiford
37,29,24.7,3.8,8.5,0.452,1.1,3.4,0.315,2.8,5.1,0.542,0.514,1.9,2.4,0.767,0.9,2.4,3.3,3.8,1.4,0.3,1.7,1.7,10.6,Labaron Philon
37,24,25.6,2.8,5.7,0.483,1,2.6,0.379,1.8,3.1,0.569,0.569,0.9,1.5,0.648,0.7,2.7,3.4,1.1,0.7,0.7,0.7,1.8,7.4,Drake Powell
106,97,29.9,3.8,9,0.421,1.8,5,0.365,1.9,4,0.492,0.523,1.4,1.8,0.768,0.4,2.7,3,3,0.7,0.1,1.3,1.7,10.8,Tyrese Proctor
36,36,30.4,5.8,11.1,0.526,0.2,1,0.2,5.6,10.1,0.558,0.535,4.6,6.1,0.766,2.3,6.6,9,1.9,1.1,1.1,2.4,2.1,16.5,Derik Queen
129,94,24.7,5,9.7,0.515,0.9,2.5,0.347,4.1,7.2,0.574,0.56,1.7,2.3,0.732,2,5.6,7.7,1.3,0.6,0.8,1.9,1.9,12.6,Maxime Raynaud
36,15,25.3,4,8.1,0.493,1.3,3.2,0.412,2.7,4.9,0.545,0.574,2.8,3.4,0.836,0.6,2.7,3.3,1.9,0.8,0.3,0.8,1.5,12.1,Jase Richardson
35,9,25.7,4.4,10.3,0.432,1.3,4.1,0.326,3.1,6.1,0.502,0.497,2.4,3.3,0.724,1.2,2.9,4.1,2.2,0.3,0.3,1.2,1.2,12.6,Will Riley
135,66,25.3,4.1,8.5,0.479,1,3,0.333,3.1,5.6,0.557,0.537,1.9,2.4,0.787,0.6,2.7,3.3,1.8,0.9,0.4,1.4,1.8,11.1,Hunter Sallis
133,103,27.7,3.7,8.7,0.427,1.1,3.3,0.329,2.6,5.4,0.488,0.49,3,3.7,0.794,0.6,2.5,3.1,2.8,0.9,0.3,2,2.5,11.5,Kobe Sanders
170,151,30.9,5.1,11.5,0.445,1.9,5.1,0.375,3.2,6.4,0.501,0.528,4.5,5.3,0.858,1,3,3.9,3.9,1.3,0.1,2.4,1.7,16.7,Mark Sears
162,109,25,3,6.7,0.439,1.5,3.7,0.392,1.5,3,0.497,0.548,2.7,3.3,0.821,0.7,3.2,4,2.8,0.9,0.2,1.6,1.5,10.1,Max Shulga
97,80,30.4,4.4,10.5,0.415,1.9,5.5,0.35,2.5,5.1,0.486,0.506,3.6,4.1,0.871,0.4,3.4,3.9,4.4,1.1,0.2,2.6,1.5,14.2,Javon Small
24,23,31.3,5.5,10.4,0.532,0.3,1.5,0.162,5.3,8.9,0.596,0.544,3.2,4.4,0.724,2.7,5.8,8.5,2.4,1.5,2,2.3,2.2,14.5,Thomas Sorber
72,45,20.4,3,5.8,0.514,0.3,1,0.284,2.7,4.7,0.565,0.54,2.6,3.7,0.711,1.4,3,4.4,1.2,1,0.7,1.1,2,8.8,Adou Thiero
167,87,23,3.3,7.2,0.457,1.3,3.6,0.378,1.9,3.6,0.537,0.551,2.9,3.3,0.858,0.6,2.8,3.4,1,0.5,0.2,1.3,1.5,10.8,John Tonje
104,96,30.7,3.7,8.4,0.436,1.2,3.2,0.378,2.5,5.2,0.472,0.508,0.9,1.3,0.748,0.3,2.8,3.1,3.9,0.9,0.2,1.8,1.9,9.5,Milos Uzan
126,84,25.6,4,9.4,0.427,1.1,3.5,0.325,2.9,5.9,0.489,0.488,3.7,4.9,0.758,1,4,5.1,1.9,1.3,0.6,2.1,2.3,12.9,Jamir Watkins
157,96,26.4,4.1,8.9,0.463,1.4,3.6,0.385,2.8,5.4,0.514,0.54,2.9,3.4,0.84,0.6,3.5,4.2,1.6,0.8,0.4,1.5,1.7,12.5,Brice Williams
100,97,31.1,4.1,9.1,0.449,1.3,3.4,0.379,2.8,5.7,0.49,0.519,2,2.3,0.842,1.6,5.2,6.7,3,1.3,0.4,1.5,2.4,11.4,Darrion Williams
90,68,25.2,4.3,8.9,0.479,0.8,2.4,0.336,3.4,6.4,0.534,0.526,1.7,2.7,0.646,1.8,6.1,7.9,2.5,0.7,1.1,2.3,1.8,11.1,Danny Wolf
67,46,26.6,4.2,9.2,0.461,0.7,1.9,0.37,3.5,7.3,0.485,0.499,2.6,3.7,0.704,2,5.6,7.6,1.3,0.8,0.4,1.4,2.1,11.8,Michael Ajayi
107,85,32,4.6,10.4,0.442,1.4,3.8,0.358,3.2,6.6,0.491,0.508,2.3,2.8,0.822,0.4,4.2,4.6,3.2,1,0.4,1.9,1.8,12.9,Trey Alexander
126,121,32.7,3.5,8.2,0.429,0.7,2.2,0.319,2.8,6,0.469,0.472,1.8,2.3,0.767,0.4,3,3.4,5,1.8,0.5,1.6,1.5,9.5,Reece Beekman
66,65,24.7,3.9,6.3,0.621,0,0,0,3.9,6.3,0.622,0.621,2.3,3.5,0.652,2.1,3.5,5.6,1,0.8,1.7,1.9,3.5,10.1,Adem Bona
94,59,23,2.9,5.4,0.531,0.7,2.1,0.357,2.1,3.3,0.641,0.6,1.3,2,0.628,1.5,4.1,5.5,0.7,0.7,1.4,1.3,2,7.7,Trevon Brazile
130,121,26.4,3.3,6.9,0.472,1.3,3.6,0.37,1.9,3.3,0.583,0.568,1.5,1.9,0.796,2,3,5,0.9,0.9,0.7,0.8,1.8,9.4,Jalen Bridges
33,33,33.2,4.8,11.7,0.412,2,6.1,0.322,2.8,5.6,0.511,0.496,2.2,2.8,0.785,0.5,4.7,5.2,4.1,0.6,0.2,1.9,2.4,13.8,Carlton Carrington
76,64,29.7,4.8,11,0.439,2.5,6.3,0.402,2.3,4.8,0.488,0.553,2.1,3,0.711,0.7,2.7,3.4,1.2,0.7,0.2,1.3,2.3,14.3,Devin Carter
33,26,30.1,3.8,9.4,0.403,2.1,5.4,0.391,1.7,4,0.42,0.516,1.6,2,0.791,0.2,3.4,3.6,2.2,0.6,0.3,1.2,1.6,11.3,Cam Christie
154,122,25.6,3.7,7.9,0.469,1,2.7,0.364,2.7,5.1,0.525,0.532,1.7,2.4,0.724,1,4.9,5.9,2.4,0.9,0.6,1.7,2.1,10.1,Nique Clifford
74,33,17.6,4,6.2,0.645,0,0.1,0.222,4,6.1,0.653,0.647,1.7,3.1,0.558,2.3,4.1,6.4,1,0.5,2.1,0.9,1.9,9.8,Donovan Clingan
65,34,20.6,2.3,4.2,0.544,0.2,0.8,0.235,2.1,3.4,0.616,0.567,0.8,1.5,0.525,1.5,3.6,5,0.5,0.9,1.7,0.6,1.7,5.5,Ryan Dunn
138,108,24.9,6.7,10.8,0.621,0,0,0.5,6.7,10.8,0.621,0.621,4.8,6.8,0.706,3.9,5.7,9.6,1.3,0.2,1.7,1.9,2,18.2,Zach Edey
38,0,6.1,0.5,1,0.526,0,0.2,0.125,0.5,0.8,0.633,0.539,0.3,0.5,0.684,0.4,1.1,1.5,0.1,0.2,0,0.3,0.9,1.4,Justin Edwards
118,78,22.6,3.9,6.2,0.623,0,0,0.2,3.9,6.2,0.626,0.624,2.2,3.6,0.619,2.2,4.2,6.4,0.9,0.8,1.8,1.3,2.6,10,Jesse Edwards
154,137,29,4.3,10.6,0.409,2,5.3,0.384,2.3,5.3,0.435,0.506,2.4,3.2,0.745,0.4,2.8,3.2,2.3,1.2,0.2,1.7,2.1,13,Boogie Ellis
72,72,29.8,5.7,12,0.473,1,3.3,0.314,4.7,8.7,0.533,0.516,3.4,4.7,0.718,2.4,6.3,8.6,2.2,1.2,1.1,2.3,2.8,15.8,Kyle Filipowski
132,122,27.8,5.3,8.5,0.628,0.2,0.5,0.35,5.2,8.1,0.644,0.637,3.1,4.6,0.67,3.1,7.6,10.6,1.3,0.6,1.4,1.9,2.5,14,Enrique Freeman
33,19,24.1,2.9,6.2,0.466,1.3,3.8,0.352,1.6,2.5,0.642,0.573,1.9,2.5,0.765,1.3,3.6,4.9,1,0.9,0.3,0.8,2.1,9,Johnny Furphy
31,16,23,2.6,6.1,0.426,1.7,4.2,0.408,0.9,1.9,0.467,0.566,0.7,0.9,0.778,0.5,2.6,3,2.2,0.9,0.4,1.5,1.8,7.6,Kyshawn George
83,52,24.7,4.3,10.2,0.426,0.9,3.3,0.28,3.4,6.9,0.496,0.471,4.2,5.9,0.714,1,3.9,5,1.4,1.3,1.2,2,1.8,13.8,Tyon Grant-foster
120,92,24.1,5.3,10.6,0.503,0.9,2.8,0.326,4.4,7.8,0.567,0.546,2.6,3.3,0.78,1.5,3.8,5.3,1.1,0.6,1.1,1.6,2.4,14.2,Pj Hall
156,112,25.5,3,6.9,0.431,1,3.1,0.315,2,3.8,0.526,0.502,1.4,2.1,0.669,1.4,3.6,5.1,2.5,1.1,0.9,1.8,2,8.3,Coleman Hawkins
109,72,26.7,4.2,6.7,0.624,0,0,0,4.2,6.7,0.626,0.624,1.5,2.4,0.616,1.8,3.4,5.3,2.3,0.8,1.2,1.4,2.2,9.9,Oso Ighodaro
102,98,30.7,4,9.7,0.41,1.3,3.9,0.345,2.6,5.8,0.454,0.479,1.8,2.9,0.624,2.1,5.1,7.2,2.9,1,0.4,1.9,1.8,11.1,Harrison Ingram
25,6,19.3,1.6,4.5,0.366,0.6,2.4,0.267,1,2.1,0.481,0.438,0.9,1.4,0.676,0.3,2.6,2.8,2.1,0.8,0.2,1.1,1.7,4.8,Bronny James
149,107,20.5,2.7,5.1,0.52,0.4,1.4,0.309,2.2,3.8,0.598,0.562,1.4,2.2,0.642,1.4,3,4.5,1,0.6,0.5,1,1.4,7.2,Keshad Johnson
116,99,24.3,2.4,6.7,0.356,1.1,3.6,0.301,1.3,3.1,0.42,0.437,1.2,1.6,0.75,0.4,2,2.4,2,1.4,0.1,2.7,2.6,7,Aj Johnson
119,96,32.8,5,10,0.499,0.9,2.7,0.32,4.1,7.3,0.565,0.542,4.2,5.1,0.823,1.1,8.5,9.6,3.5,1.7,0.1,2.7,2,15,Dillon Jones
94,11,12.5,1.2,4,0.306,0.7,2.5,0.285,0.5,1.4,0.346,0.398,0.6,0.9,0.618,0.7,1.3,1.4,0.7,0.4,0,1.1,1.1,3.7,David Jones
31,4,5.1,0.4,1.3,0.282,0.1,0.1,0.667,0.3,1.2,0.25,0.308,0.3,0.6,0.421,0.5,0.5,1,0,0.1,0.2,0.5,0.6,1,Isaac Jones
111,110,31.9,4.3,9.3,0.469,1.9,5.2,0.375,2.4,4.1,0.589,0.574,1.6,1.9,0.841,1.5,3.4,4.9,1.9,0.7,1,1.1,2.1,12.2,Alex Karaban
33,5,20.5,1.8,4.5,0.407,0.8,2.3,0.368,1,2.2,0.446,0.5,0.8,1.1,0.743,1.1,3.5,4.5,0.8,0.5,0.6,1,2,5.3,Bobi Klintman
103,79,29.8,5.9,12.7,0.461,2.1,5.5,0.383,3.7,7.2,0.522,0.545,3.1,4,0.768,0.7,4.5,5.2,1.5,0.7,0.6,1.7,1.6,16.9,Dalton Knecht
121,117,31.4,4,9.3,0.436,1.5,4.3,0.355,2.5,5,0.504,0.517,1.9,2.3,0.819,0.6,3.5,4.1,6.2,1.5,0.1,2.4,1.7,11.5,Tyler Kolek
133,74,26.1,3.1,6.4,0.49,1,2.6,0.397,2.1,3.8,0.552,0.57,2.3,2.9,0.813,0.8,3,3.8,2.8,0.8,0.3,1.9,2.5,9.6,Pelle Larsson
138,108,28.6,3.8,8.5,0.441,0.8,2.7,0.309,2.9,5.8,0.504,0.491,2.6,3.5,0.756,1.1,4.3,5.4,2.4,1.6,0.5,1.9,2.6,11,Kevin Mccullar
91,87,32.5,5.5,10.8,0.511,0.8,2.3,0.332,4.8,8.6,0.558,0.546,4.2,5.2,0.818,0.2,2.7,3,4.3,1.1,0.3,2.2,2.4,16.1,Ajay Mitchell
64,62,26.8,4.8,7.8,0.619,0,0,0,4.8,7.8,0.622,0.619,1.7,2.9,0.578,2.9,5.7,8.7,2.6,1.4,1,1.7,2.4,11.3,Jonathan Mogbo
157,143,31.6,3.9,9.6,0.402,1.4,4.1,0.327,2.5,5.5,0.458,0.472,3.7,4.5,0.831,1,4,5.1,4.9,1.2,0.3,2.5,2,12.8,Tristen Newton
124,59,20.6,3.9,7.7,0.507,0.8,2,0.388,3.1,5.7,0.548,0.556,1.6,2.1,0.79,1.5,3.6,5.1,1.3,0.5,1,1.6,2.2,10.2,Quinten Post
156,107,29.3,5.3,11.8,0.452,2,5.1,0.384,3.4,6.7,0.504,0.535,2.4,3.1,0.801,0.6,2.5,3.1,1.3,0.6,0.2,1.6,1.7,15.1,Antonio Reeves
120,68,23.1,3.4,8.2,0.412,1.9,5.4,0.351,1.5,2.9,0.526,0.527,0.9,1.1,0.818,0.4,2.1,2.5,1.3,0.6,0.4,1.1,1.5,9.6,Jaxson Robinson
135,66,25.3,4.1,8.5,0.479,1,3,0.333,3.1,5.6,0.557,0.537,1.9,2.4,0.787,0.6,2.7,3.3,1.8,0.9,0.4,1.4,1.8,11.1,Hunter Sallis
134,74,23.4,4,9.6,0.42,2,5.7,0.357,2,3.9,0.51,0.525,2,2.2,0.896,1,3.6,4.6,1.9,0.6,0.4,1.1,2,12.1,Payton Sandfort
162,133,31.6,4.7,10.2,0.461,2.2,5.6,0.39,2.5,4.6,0.549,0.569,2.2,2.6,0.82,0.7,7,7.8,3.6,0.9,0.2,2.1,1.9,13.8,Baylor Scheierman
170,151,30.9,5.1,11.5,0.445,1.9,5.1,0.375,3.2,6.4,0.501,0.528,4.5,5.3,0.858,1,3,3.9,3.9,1.3,0.1,2.4,1.7,16.7,Mark Sears
138,108,27.5,3.6,8.8,0.412,0.9,3.1,0.296,2.7,5.6,0.476,0.465,1.5,2,0.772,0.6,2.3,2.8,5,1.6,0.3,1.8,1.9,9.7,Jamal Shead
98,66,29.6,4.9,11.4,0.429,1.4,3.9,0.347,3.5,7.5,0.471,0.488,3.4,4.1,0.834,0.6,3.7,4.3,3.9,1.3,0.1,2.3,2,14.6,Kj Simpson
45,21,22.2,2.9,7.3,0.393,0.9,2.7,0.333,2,4.6,0.428,0.454,1.3,1.9,0.682,0.8,1.8,2.6,2,0.9,0.1,2.2,1.4,7.9,Tyler Smith
132,116,32.3,4.9,10.5,0.468,2.1,5.1,0.417,2.8,5.5,0.516,0.568,2.2,2.5,0.878,0.8,3.6,4.3,3.3,1.6,0.2,1.2,1.9,14.2,Cam Spencer
69,68,26.9,6.4,10.9,0.582,0.4,1.3,0.333,5.9,9.7,0.615,0.601,2,3.2,0.633,3.5,5.8,9.2,0.9,0.9,1.7,1.2,2.5,15.2,Jt Toppin
70,61,28.7,5.1,10.8,0.47,1.3,3.6,0.372,3.7,7.2,0.519,0.532,2.1,2.7,0.776,1.5,4.4,5.8,2.2,1.2,0.4,2.2,1.9,13.6,Jaylon Tyson
126,84,25.6,4,9.4,0.427,1.1,3.5,0.325,2.9,5.9,0.489,0.488,3.7,4.9,0.758,1,4,5.1,1.9,1.3,0.6,2.1,2.3,12.9,Jamir Watkins
34,20,29.2,4.1,9.4,0.436,2.1,4.9,0.417,2,4.4,0.457,0.545,2.3,2.9,0.814,1.2,3.4,4.6,1.2,0.5,0.2,0.7,1.9,12.6,Jaylen Wells
107,85,32,4.6,10.4,0.442,1.4,3.8,0.358,3.2,6.6,0.491,0.508,2.3,2.8,0.822,0.4,4.2,4.6,3.2,1,0.4,1.9,1.8,12.9,Trey Alexander
30,28,26.9,4.5,9.1,0.495,0.7,1.8,0.389,3.8,7.3,0.521,0.533,1.5,2.1,0.698,0.8,3,3.8,2.2,1.1,0.3,2.4,1.7,11.2,Amari Bailey
48,42,29.9,5.3,13.1,0.4,2.1,6.4,0.33,3.1,6.8,0.466,0.48,3,4.1,0.749,0.7,4.1,4.8,1.4,0.7,0.5,2.5,2.1,15.6,Emoni Bates
126,121,32.7,3.5,8.2,0.429,0.7,2.2,0.319,2.8,6,0.469,0.472,1.8,2.3,0.767,0.4,3,3.4,5,1.8,0.5,1.6,1.5,9.5,Reece Beekman
36,36,34.9,4.1,9.1,0.453,0.8,2.6,0.301,3.4,6.6,0.513,0.495,3.7,5.3,0.705,1.3,3.8,5.1,3.9,2.1,0.6,3,2.6,12.8,Anthony Black
66,65,24.7,3.9,6.3,0.621,0,0,0,3.9,6.3,0.622,0.621,2.3,3.5,0.652,2.1,3.5,5.6,1,0.8,1.7,1.9,3.5,10.1,Adem Bona
123,118,25.1,4,8,0.492,0.8,2.6,0.313,3.1,5.5,0.577,0.542,2.1,2.8,0.747,1.7,4.3,6,1.7,1.1,0.5,1.7,2.6,10.8,Kobe Brown
61,33,23.3,3.3,7.2,0.463,0.8,2.6,0.325,2.5,4.6,0.541,0.522,1.5,1.8,0.833,0.6,2.4,3,1.7,0.9,0.4,1.3,1.7,9,Kobe Bufkin
125,116,27.4,4.2,8.2,0.513,0.6,1.8,0.307,3.6,6.3,0.573,0.548,2,3.2,0.631,2,4.8,6.9,1.4,1,0.8,2.2,2.7,11,Toumani Camara
90,35,19.1,2.9,5.8,0.49,0.4,1.3,0.302,2.5,4.6,0.544,0.524,1.2,1.9,0.661,1.5,2.6,4.1,1,1.3,0.2,0.8,1.7,7.4,Jaylen Clark
36,36,25.4,3.4,7,0.486,0.9,3.3,0.283,2.5,3.7,0.669,0.553,2,3.1,0.649,2.1,5.8,7.9,0.8,0.6,0.9,1.3,2.5,9.8,Noah Clowney
36,36,32.7,4.8,10.9,0.442,2.3,5.7,0.403,2.5,5.2,0.484,0.547,2.1,2.5,0.854,1.1,4,5.1,1.7,1.4,0.3,1.3,2.1,14.1,Gradey Dick
138,108,24.9,6.7,10.8,0.621,0,0,0.5,6.7,10.8,0.621,0.621,4.8,6.8,0.706,3.9,5.7,9.6,1.3,0.2,1.7,1.9,2,18.2,Zach Edey
127,99,29.7,4.8,10.9,0.437,2.4,6.1,0.396,2.3,4.7,0.49,0.549,1.9,2.3,0.808,0.6,2,2.6,2.6,1,0.1,1.3,1.7,13.8,Adam Flagler
33,33,28.6,4.7,12.5,0.376,2.3,6.9,0.338,2.4,5.6,0.424,0.47,3.6,4.5,0.793,1,3.2,4.2,2.8,1.1,0.2,2.9,2.1,15.3,Keyonte George
68,66,26.9,4.3,8.9,0.489,0.3,1,0.277,4.1,7.9,0.515,0.504,1.8,2.9,0.613,2.7,4,6.7,1.2,0.8,0.9,1.6,2.7,10.7,Mouhamed Gueye
64,41,23.2,3.6,9.1,0.396,2.1,5.7,0.376,1.5,3.5,0.428,0.512,2.5,2.8,0.872,0.8,2.3,3,1,0.5,0.4,1.2,1.7,11.8,Jordan Hawkins
156,112,25.5,3,6.9,0.431,1,3.1,0.315,2,3.8,0.526,0.502,1.4,2.1,0.669,1.4,3.6,5.1,2.5,1.1,0.9,1.8,2,8.3,Coleman Hawkins
34,34,34.7,5.4,11.3,0.478,1.8,4.6,0.394,3.6,6.8,0.535,0.557,2.5,3.2,0.782,2.4,4.6,7,1.4,0.9,1.7,1.4,2,15.1,Taylor Hendricks
32,32,33.1,5.3,12.6,0.417,1.2,3.5,0.333,4.1,9.1,0.449,0.463,1.8,2.4,0.776,0.4,3.7,4.1,3.7,0.8,0.3,2.8,2.4,13.5,Jalen Hood-schifino
29,29,31.8,4.7,11.4,0.414,2.7,7.3,0.368,2,4.1,0.496,0.532,2.1,2.6,0.8,0.3,2.6,2.8,2,0.4,0.7,1.3,2.2,14.2,Jett Howard
14,,2.3,0.2,0.6,0.375,0,0,,0.2,0.6,0.375,0.375,0,0.1,0,0.1,0.1,0.2,0.2,0,0,0.1,0.2,0.4,Andre Jackson
126,126,32.5,6.7,11.9,0.565,0,0,0,6.7,11.9,0.566,0.565,4.4,6.5,0.676,2.8,6.3,9.1,2.2,0.7,2.1,1.9,1.9,17.9,Trayce Jackson-davis
108,92,29,5,9.6,0.519,1,2.5,0.389,4,7.1,0.563,0.568,2.2,3.1,0.718,1.6,5,6.6,1.6,1.1,0.3,2,2.5,13.1,Keyontae Johnson
86,82,32.7,4.5,9.2,0.494,0.9,2.5,0.344,3.7,6.6,0.552,0.542,2.4,3.6,0.679,1.8,4.4,6.2,3.6,1.4,0.5,2.1,2.2,12.3,Colby Jones
169,138,29.3,5.8,8.8,0.658,0.3,0.9,0.311,5.6,8,0.696,0.674,2.5,3.6,0.709,2.6,4.2,6.8,1.1,0.4,2.4,1.3,1.6,14.5,Ryan Kalkbrenner
134,131,30,4.2,9.6,0.438,1.1,3.5,0.321,3.1,6.1,0.507,0.497,2.7,3.6,0.742,1.5,5,6.5,1.7,0.7,0.6,2.2,2.3,12.2,Arthur Kaluma
33,5,20.5,1.8,4.5,0.407,0.8,2.3,0.368,1,2.2,0.446,0.5,0.8,1.1,0.743,1.1,3.5,4.5,0.8,0.5,0.6,1,2,5.3,Bobi Klintman
52,33,26.6,5.2,11.4,0.453,1.5,4.3,0.354,3.7,7.1,0.512,0.519,2.8,3.5,0.791,1.1,3.6,4.7,2.2,1,0.7,2.9,2.5,14.6,Maxwell Lewis
34,26,22.4,2.3,5.4,0.429,0.5,1.7,0.305,1.8,3.7,0.488,0.478,1.1,1.6,0.722,1.1,3.1,4.2,0.7,0.4,0.4,0.9,1.7,6.3,Chris Livingston
122,96,26,3.5,8.4,0.412,1.9,5.1,0.368,1.6,3.3,0.48,0.523,1.7,2.1,0.814,0.9,3.7,4.6,0.7,0.7,0.5,1.1,2.1,10.5,Seth Lundy
138,108,28.6,3.8,8.5,0.441,0.8,2.7,0.309,2.9,5.8,0.504,0.491,2.6,3.5,0.756,1.1,4.3,5.4,2.4,1.6,0.5,1.9,2.6,11,Kevin Mccullar
60,1,3.8,0.2,0.7,0.256,0.1,0.4,0.286,0.1,0.4,0.227,0.326,0.1,0.2,0.462,0.5,0.3,0.8,0.2,0.2,0.1,0.2,0.3,0.6,Brandon Miller
118,107,27.2,3.6,9.5,0.38,1.4,4,0.335,2.2,5.4,0.413,0.451,2.5,3.2,0.78,0.5,2.4,3,1.6,1,0.3,1.9,2.4,11,Jordan Miller
64,63,33.7,5.8,13.1,0.44,0.7,2.4,0.291,5.1,10.7,0.473,0.467,5.3,7,0.759,0.4,2.3,2.7,4.5,2,0.1,2.7,2.1,17.5,Judah Mintz
107,106,24.6,3.4,5.7,0.607,0.1,0.4,0.238,3.3,5.3,0.634,0.615,0.9,1.9,0.485,1.7,4.3,6,1.2,1,0.6,1,1.5,7.9,Dillon Mitchell
117,105,30.2,4.2,9.4,0.454,1,2.9,0.34,3.3,6.4,0.506,0.507,1.7,2.5,0.689,0.9,3.5,4.4,3.7,1,0.8,2.6,1.6,11.2,Omari Moore
77,30,21.8,4.5,9.5,0.473,1.4,4.1,0.348,3.1,5.4,0.566,0.547,1.8,2.5,0.699,1.8,3.2,5,1.2,0.8,0.9,0.9,2,12.1,Kris Murray
160,127,25.8,4.3,8.6,0.507,0.8,2.7,0.287,3.6,5.9,0.606,0.552,2.5,3.4,0.733,1.7,4.7,6.4,1.4,0.5,1.4,1.8,2.6,11.9,Grant Nelson
32,25,24.1,2.5,6,0.411,0.3,1.4,0.239,2.1,4.6,0.466,0.44,3,3.7,0.822,1.8,2.9,4.7,1.4,0.6,0.5,1.3,1.8,8.3,Julian Phillips
144,142,36.9,5.8,12.8,0.454,1.7,4.8,0.355,4.1,8.1,0.513,0.52,2,2.7,0.742,1,4.4,5.4,5.8,1.2,0.8,2.1,1.9,15.3,Jalen Pickett
48,32,25.4,4.8,10,0.48,1.8,4.1,0.424,3,5.9,0.52,0.568,2.4,3.1,0.77,1.2,4.9,6.1,2.5,1.2,0.3,1.6,1.4,13.7,Brandin Podziemski
90,63,21.4,2.7,5.7,0.478,0.7,2.1,0.316,2,3.5,0.577,0.538,1.9,2.5,0.749,1.1,2.4,3.5,0.7,0.7,0.1,1,1.9,8,Olivier-maxence Prosper
91,87,25,5.9,10.5,0.56,0.2,0.6,0.358,5.6,9.9,0.572,0.57,2,2.8,0.715,2.7,4.6,7.3,1,0.7,1.2,1.9,2.8,13.9,Adama Sanogo
107,93,29.3,4.4,10.9,0.406,2.6,7,0.369,1.9,3.9,0.471,0.524,2.2,2.7,0.824,0.3,2.3,2.7,2.4,1.3,0.1,1.4,1.6,13.6,Marcus Sasser
33,21,24.5,6,12.4,0.48,1.8,4.5,0.405,4.2,7.9,0.523,0.554,2.5,3,0.83,1.3,4.1,5.4,1.2,0.5,0.4,2,2.5,16.3,Brice Sensabaugh
124,91,26,4.4,9.3,0.475,1.6,4.4,0.37,2.8,4.9,0.57,0.563,1.8,2.6,0.696,0.7,3.2,3.9,1.8,1,0.1,1.4,2,12.2,Ben Sheppard
153,119,24,3.5,6.8,0.519,0.7,2.2,0.329,2.8,4.6,0.611,0.573,2.1,2.8,0.754,1.3,4.2,5.5,2.4,1.3,1.2,1.9,2.5,9.9,Jalen Slawson
66,59,32.6,5.9,15.2,0.388,2.8,8,0.352,3.1,7.2,0.429,0.482,2.5,3.5,0.7,0.8,3,3.8,3.1,1.4,0.4,2,2.3,17.1,Terquavion Smith
135,15,13.6,1.8,3.9,0.467,0.1,0.4,0.333,1.7,3.5,0.481,0.483,1,1.3,0.763,0.8,1.8,2.6,0.8,0.3,0.7,1,1.7,4.7,Nick Smith
94,68,23.4,3.8,7.8,0.484,1.5,4,0.384,2.3,3.9,0.586,0.581,1.9,2.5,0.745,0.8,3.8,4.6,0.9,0.6,0.2,1,1.7,10.9,Julian Strawther
134,105,27.2,6.8,11,0.618,0.1,0.6,0.25,6.6,10.4,0.638,0.624,3.5,5.3,0.656,2.2,4.5,6.7,2.4,0.5,0.9,2,2.2,17.2,Drew Timme
107,105,28.8,5.5,9.6,0.573,0,0,0,5.5,9.6,0.574,0.573,3.5,4.9,0.705,4.9,7.4,12.3,1,1.3,1.1,1.8,2.7,14.5,Oscar Tshiebwe
97,89,27.1,6,11.1,0.544,0.3,1.2,0.295,5.7,9.9,0.573,0.56,3.2,4.4,0.714,2.4,5.1,7.5,1.9,1,0.7,2.3,2.4,15.6,Azuolas Tubelis
36,35,27.6,4.4,9.4,0.465,1,2.8,0.347,3.4,6.6,0.515,0.516,1.5,2.2,0.663,2.3,4.5,6.8,1.8,1,1.3,1.5,2.1,11.2,Jarace Walker
32,32,32.2,4.3,9.8,0.446,1.4,4,0.346,3,5.8,0.514,0.516,1.7,2.2,0.757,0.9,2.8,3.7,4.3,2,0.5,2.1,2.4,11.7,Cason Wallace
36,22,24.4,2.6,6,0.433,0.6,2,0.278,2.1,4,0.51,0.479,1.3,1.8,0.712,1.2,2.7,3.9,0.9,1.1,0.5,1,2.9,7.1,Jordan Walsh
28,7,20.6,3,7,0.421,1.5,3.5,0.429,1.5,3.5,0.414,0.528,0.8,1,0.793,0.5,2,2.4,1,0.8,0.2,1.4,1.5,8.3,Dariq Whitehead
26,20,27.3,4.7,9.8,0.478,1.4,4.2,0.343,3.3,5.7,0.578,0.551,1.7,2.5,0.703,0.8,4.5,5.3,0.7,1.4,0.3,1.6,1.7,12.5,Cam Whitmore
104,89,30.6,4.9,11.3,0.434,1.3,4.3,0.316,3.5,7,0.506,0.494,3,4.2,0.732,1.7,6,7.7,2,0.8,0.4,1.8,2,14.2,Jalen Wilson
132,112,31.1,4.8,10.9,0.44,1.3,3.9,0.347,3.4,7,0.491,0.502,3.2,4,0.807,0.9,3.2,4.1,2.2,1,0.4,1.7,1.7,14.1,Isaiah Wong
122,116,32.6,4.8,10.8,0.448,2,5.5,0.373,2.8,5.3,0.526,0.542,1.8,2.5,0.714,1,3.4,4.4,1.6,1,0.5,1.7,1.8,13.5,Ochai Agbaji
39,39,33,6.3,13.2,0.478,1.1,3.3,0.338,5.2,9.8,0.525,0.52,3.5,4.8,0.729,1.7,6.1,7.8,3.2,1.1,0.9,2.4,1.9,17.2,Paolo Banchero
32,31,29.6,5,10,0.498,1.2,2.8,0.416,3.8,7.3,0.53,0.556,2.5,3,0.833,0.8,2.8,3.6,2,0.7,0.3,1.7,1.8,13.7,Malaki Branham
101,74,28.5,3.5,7.8,0.449,1.3,3.5,0.378,2.2,4.3,0.508,0.535,1.7,2.3,0.749,1.1,3.9,5,1.8,1,0.5,1.3,1.6,10.1,Christian Braun
34,34,27,3.9,6.6,0.584,0.4,1.2,0.341,3.5,5.4,0.638,0.615,1.5,2.2,0.689,1.7,3.1,4.9,1.9,1,0.4,1.7,2.3,9.7,Kendall Brown
88,81,30.7,5.8,13.5,0.429,1.7,4.9,0.348,4.1,8.6,0.475,0.492,2.8,3.4,0.815,1.6,5.2,6.8,1.4,1.5,1,1.5,1.6,16,Julian Champagnie
34,34,30.8,5.4,11.5,0.464,1.4,3.8,0.383,3.9,7.8,0.504,0.527,1.8,2.9,0.606,0.7,2.6,3.2,4.7,2.2,0.2,2.5,2,13.9,Kennedy Chandler
35,35,30.8,3.2,8.4,0.382,1.1,3.5,0.317,2.1,4.9,0.429,0.449,1.7,2.1,0.824,0.9,2.6,3.5,1.5,0.5,0.5,1.5,1.1,9.3,Max Christie
90,90,28.3,6.6,11,0.596,0,0,0,6.6,11,0.596,0.596,4,6.5,0.623,3.4,6.2,9.6,0.5,0.6,1.2,2,2.5,17.2,Kofi Cockburn
33,5,25.8,3,6.5,0.463,0.8,2.5,0.301,2.2,4,0.565,0.521,1.8,2.5,0.728,1.1,3.7,4.8,4.3,1,0.4,2.9,1.2,8.5,Jd Davison
127,94,23.4,3.8,7.9,0.474,1.5,4.1,0.353,2.3,3.8,0.607,0.566,1.3,1.7,0.734,2.2,4.4,6.5,0.7,1,0.3,0.9,2.8,10.3,Darius Days
32,26,24.9,3.7,6.8,0.542,0.1,0.4,0.214,3.6,6.3,0.564,0.549,1.6,2.6,0.619,2.4,3.6,6,0.8,0.3,0.9,1.5,2.7,9,Moussa Diabate
29,29,25.3,4.9,8.1,0.597,0,0,0,4.9,8.1,0.6,0.597,2.2,3.6,0.625,3,5.2,8.1,1.3,0.8,2.1,2.2,2.7,12,Jalen Duren
56,12,22.4,4.6,9.1,0.504,0.6,1.9,0.327,4,7.2,0.551,0.538,3.2,4.2,0.757,2.3,4.1,6.3,1.1,1.6,1.2,2.2,2.7,13,Tari Eason
65,40,24.3,2.8,6.1,0.458,1.4,3.6,0.371,1.4,2.5,0.588,0.569,1.9,2.3,0.831,1.4,3.7,5.1,1.4,1.5,0.5,1.3,2.4,8.8,Keon Ellis
110,92,31.6,3.9,8.3,0.466,1.5,3.9,0.386,4,8,0.476,0.488,2.8,3.6,0.775,,,2.3,4,1.5,0.1,2.6,2.7,10.8,Michael Foster
156,125,28.9,3.8,8.9,0.422,2.1,5.4,0.387,1.7,3.5,0.475,0.538,2.3,2.7,0.848,0.3,2.6,2.9,3.1,1,0,1.4,2,11.9,Collin Gillespie
39,25,24,3.7,7.6,0.493,1.8,4.1,0.447,1.9,3.5,0.547,0.613,1.1,1.4,0.792,0.8,3.2,3.9,1,0.5,0.6,0.6,1.1,10.4,Aj Griffin
32,31,26.9,5.3,8.8,0.607,1.3,3.3,0.39,4,5.5,0.737,0.68,2.2,3.1,0.717,1.8,8.1,9.9,1.9,0.8,3.7,1.9,2.7,14.1,Chet Holmgren
102,98,30.7,4,9.7,0.41,1.3,3.9,0.345,2.6,5.8,0.454,0.479,1.8,2.9,0.624,2.1,5.1,7.2,2.9,1,0.4,1.9,1.8,11.1,Harrison Ingram
59,46,28.6,4.9,11.3,0.44,1.5,4.7,0.322,3.4,6.6,0.523,0.507,3.5,4.7,0.739,0.7,3.5,4.3,2.6,0.8,0.6,2.1,1.7,14.9,Jaden Ivey
126,126,32.5,6.7,11.9,0.565,0,0,0,6.7,11.9,0.566,0.565,4.4,6.5,0.676,2.8,6.3,9.1,2.2,0.7,2.1,1.9,1.9,17.9,Trayce Jackson-davis
85,57,25.5,4.3,10,0.431,1.3,3.8,0.352,3,6.2,0.479,0.498,1.6,1.8,0.853,0.7,2.9,3.6,1.2,0.6,0.2,1.2,1.6,11.6,Johnny Juzang
36,26,30.2,4.1,9.8,0.419,1.5,4.8,0.312,2.6,4.9,0.522,0.496,1.8,2.7,0.67,0.8,2.6,3.4,2.7,1.2,0.1,1.3,1.3,11.5,Trevor Keels
63,34,17.9,3.4,5.7,0.601,0.2,0.9,0.204,3.2,4.8,0.671,0.616,1.2,2.1,0.577,2.1,3.7,5.8,0.6,0.8,2.9,0.8,2,8.2,Walker Kessler
91,56,17.9,2.9,4.9,0.59,0,0.1,0,2.9,4.8,0.597,0.59,1.6,2.3,0.67,2,3.1,5.1,0.7,0.5,1.8,0.9,2.3,7.3,Christian Koloko
88,83,29.5,4.3,8.3,0.524,0.6,1.5,0.371,3.8,6.8,0.558,0.558,3,4,0.743,2.3,4,6.3,2.6,1.2,1,2.2,2.9,12.2,Jake Laravia
53,33,27.8,4.9,11.2,0.434,1.2,3.7,0.328,3.6,7.5,0.487,0.489,2.2,3.2,0.704,1.5,5.4,6.9,1.3,0.8,0.6,1.7,2.1,13.2,Justin Lewis
114,99,30.8,4.2,9.6,0.435,1.2,3.4,0.346,3,6.1,0.486,0.498,1.6,2.4,0.67,2.3,4.5,6.7,1.3,0.9,0.4,1.7,2.1,11.1,Tyrese Martin
63,49,29.4,4.9,10.7,0.456,1.9,5,0.383,2.9,5.6,0.521,0.546,3.2,4.1,0.789,1.3,4,5.3,2,0.9,0.2,1.5,1.8,14.8,Bennedict Mathurin
159,66,17.8,2.8,6.8,0.413,1.1,3.3,0.339,1.7,3.5,0.481,0.494,1.3,1.8,0.689,0.9,2.7,3.6,0.9,0.8,0.5,1,1.7,8,Matthew Mayer
31,31,33.3,5.2,12.8,0.403,1.3,4.7,0.274,3.9,8.1,0.478,0.453,5.2,6.3,0.831,0.7,4.5,5.2,1.4,0.7,0.3,2.1,2,16.8,Bryce Mcgowens
31,31,32.2,4.6,12.2,0.379,0.6,1.9,0.31,4,10.3,0.392,0.403,3.9,5.5,0.722,3.2,5,8.2,1.8,1.6,0.6,2.2,2.6,13.7,Aminu Mohammed
95,71,27.5,4.8,10.2,0.468,0.9,2.6,0.346,3.9,7.6,0.509,0.511,3.1,3.7,0.831,0.4,2.2,2.6,2.4,0.8,0.2,1.9,1.6,13.5,Iverson Molinar
66,39,25.4,5.9,10.9,0.543,1.2,3.3,0.373,4.7,7.6,0.618,0.6,2.8,3.7,0.749,2.3,4.7,7,1,1.1,1.6,0.9,1.9,15.8,Keegan Murray
131,115,32.1,3.7,8.3,0.446,1.1,3.3,0.343,2.6,5,0.515,0.515,1.4,1.8,0.79,0.2,2.7,2.9,5.3,1.2,0.1,2,1.8,10,Andrew Nembhard
122,72,26,3.6,8.8,0.407,1,3.2,0.312,2.6,5.6,0.461,0.464,2.2,2.9,0.754,1.3,4.2,5.5,1.1,1,0.4,1.2,1.9,10.4,Jared Rhoden
90,90,30.9,5.5,11.6,0.476,0.7,2.2,0.322,4.8,9.3,0.513,0.507,4,5.6,0.714,2.5,5.5,8,2.2,0.9,1,2.4,2.3,15.7,Orlando Robinson
91,76,29.9,5.6,10.7,0.522,0.9,2.8,0.319,4.7,7.9,0.593,0.563,3.4,4.6,0.739,1.9,5.5,7.4,2.4,0.9,0.8,2.2,2.2,15.5,David Roddy
64,64,31.5,5.9,13,0.453,1.4,4.3,0.317,4.5,8.7,0.521,0.505,3.2,4.1,0.796,0.8,4.8,5.6,3.1,1.4,0.2,2.3,2.6,16.4,Ryan Rollins
107,93,29.3,4.4,10.9,0.406,2.6,7,0.369,1.9,3.9,0.471,0.524,2.2,2.7,0.824,0.3,2.3,2.7,2.4,1.3,0.1,1.4,1.6,13.6,Marcus Sasser
56,40,27.8,4.5,9.1,0.49,0.3,1.1,0.254,4.2,8,0.523,0.506,2.9,4.2,0.694,2,4.1,6.1,2.2,1.1,0.2,1.9,1.4,12.1,Dereon Seabron
61,58,29.1,4.4,8.3,0.532,0.4,1.4,0.298,4,7,0.579,0.557,3.3,5.1,0.639,2.4,4.6,8.2,2.1,0.9,1.1,3,2.6,12.6,Jabari Smith
66,59,32.6,5.9,15.2,0.388,2.8,8,0.352,3.1,7.2,0.429,0.482,2.5,3.5,0.7,0.8,3,3.8,3.1,1.4,0.4,2,2.3,17.1,Terquavion Smith
30,1,25.1,3.3,7,0.474,0.8,2.7,0.296,2.5,4.3,0.585,0.531,1.8,3,0.589,2,4.4,6.4,1.8,1.3,0.7,1.6,2.3,9.2,Jeremy Sochan
94,68,23.4,3.8,7.8,0.484,1.5,4,0.384,2.3,3.9,0.586,0.581,1.9,2.5,0.745,0.8,3.8,4.6,0.9,0.6,0.2,1,1.7,10.9,Julian Strawther
63,51,24.9,2.4,5.1,0.477,0.7,1.9,0.35,1.8,3.2,0.552,0.542,1,1.5,0.68,1,3.2,4.2,2.9,1,0.3,1.3,2.3,6.6,Dalen Terry
134,105,27.2,6.8,11,0.618,0.1,0.6,0.25,6.6,10.4,0.638,0.624,3.5,5.3,0.656,2.2,4.5,6.7,2.4,0.5,0.9,2,2.2,17.2,Drew Timme
59,33,22,3.9,8.1,0.479,1,2.5,0.399,2.9,5.6,0.515,0.541,2.7,3.5,0.783,1.7,5.4,7.2,0.9,0.6,0.6,1.8,2.3,11.5,Jabari Walker
32,0,12.7,1.2,3.7,0.322,0.2,1,0.226,1,2.7,0.356,0.352,0.7,1,0.688,0.9,2,2.9,0.8,0.6,0.6,0.9,1.6,3.3,Peyton Watson
35,28,29.3,5.1,12.6,0.404,1.5,5.1,0.303,3.5,7.5,0.471,0.465,2.7,4.1,0.657,0.7,3,3.7,2.4,1.3,0.1,2.2,1.9,14.4,Blake Wesley
130,60,19,4.7,8.8,0.531,0.1,0.2,0.31,4.6,8.5,0.536,0.535,1.5,2.8,0.529,2.7,4.2,7,1.8,0.7,0.5,1.7,2.3,10.8,Trevion Williams
19,18,35.6,5.3,14.5,0.367,1.8,6.2,0.299,3.5,8.3,0.418,0.431,4.1,5.9,0.69,1.5,2.2,3.6,1.6,1.5,0,2.7,2.5,16.6,Mark Williams
141,92,21.4,3.5,6.8,0.511,0.9,2.5,0.346,2.6,4.3,0.608,0.575,1.4,1.8,0.776,1.1,2.8,3.9,1.6,0.6,0.8,1.2,1.9,9.3,Jaylin Williams
90,59,23.9,4.2,8.6,0.488,0.7,2.5,0.27,3.5,6.1,0.578,0.528,2,2.8,0.699,0.9,3,3.9,2.6,0.8,0.2,2.1,1.9,11.1,Alondes Williams
158,151,26.6,5.4,10.1,0.535,0.6,1.6,0.357,4.8,8.5,0.569,0.564,2.2,3,0.74,1.6,4.1,5.7,0.8,0.6,0.6,1.6,2.8,13.6,Bryson Williams
104,89,30.6,4.9,11.3,0.434,1.3,4.3,0.316,3.5,7,0.506,0.494,3,4.2,0.732,1.7,6,7.7,2,0.8,0.4,1.8,2,14.2,Jalen Wilson
157,157,34.9,6.6,15.2,0.435,3.3,8.5,0.383,3.3,6.6,0.501,0.542,3.5,4,0.884,0.4,2.9,3.3,3.4,1.1,0.2,2,1.9,19.9,Max Abmas
122,116,32.6,4.8,10.8,0.448,2,5.5,0.373,2.8,5.3,0.526,0.542,1.8,2.5,0.714,1,3.4,4.4,1.6,1,0.5,1.7,1.8,13.5,Ochai Agbaji
17,16,27.9,3.4,9.1,0.377,1.9,5.5,0.351,1.5,3.5,0.417,0.484,2.1,3.1,0.692,1.4,4.1,5.5,1.2,0.6,0.4,1.6,2.2,10.9,Marcus Bagley
24,7,24.8,4.1,8.1,0.503,0.5,1.7,0.275,3.6,6.5,0.561,0.531,1.7,2.8,0.621,1.5,2.5,4,4.1,1.5,0.5,2.5,2.2,10.3,Scottie Barnes
72,72,30.5,6.1,10.2,0.596,0.4,1.3,0.319,5.7,9,0.636,0.616,3.3,4.3,0.768,3,7.5,10.5,0.8,0.6,2.6,2.5,2.5,15.9,Charles Bassey
43,30,27.9,5.3,11.5,0.456,1.1,3.4,0.32,4.2,8.1,0.513,0.503,3.4,4.2,0.802,1.6,3.1,4.7,1.5,0.9,0.2,2.1,2.4,15,James Bouknight
43,,20.4,3.2,8.7,0.363,1.9,5.6,0.338,1.3,3.1,0.407,0.471,1.4,1.6,0.857,1.1,2.2,4.4,1.2,0.9,0,1.5,2.1,9.6,Greg Brown
94,81,29.1,4.9,11.4,0.431,2.3,5.9,0.384,2.6,5.4,0.483,0.531,2.1,2.6,0.782,0.5,2.7,3.2,3.5,1.5,0.2,2.4,2.4,14.1,Jared Butler
53,46,33.4,5.4,12.2,0.446,1.1,3.8,0.28,4.4,8.4,0.52,0.489,2.8,3.8,0.745,2.6,5.9,8.5,1,1.1,1,1.2,2.1,14.7,Justin Champagnie
88,81,30.7,5.8,13.5,0.429,1.7,4.9,0.348,4.1,8.6,0.475,0.492,2.8,3.4,0.815,1.6,5.2,6.8,1.4,1.5,1,1.5,1.6,16,Julian Champagnie
15,15,29.7,5.1,11.7,0.432,1.2,3.9,0.305,3.9,7.8,0.496,0.483,2.9,3.7,0.8,0.7,4.1,4.7,1.4,1.5,0.5,1.7,3.2,14.3,Josh Christopher
12,12,33.1,6,15.3,0.391,1.1,4.8,0.228,4.9,10.6,0.465,0.427,7.1,8.6,0.825,0.7,3.6,4.3,8.1,1,0.3,4.2,2.7,20.2,Sharife Cooper
27,26,35.4,6.5,14.8,0.438,2.3,5.7,0.4,4.2,9.1,0.461,0.515,4.9,5.8,0.846,0.7,5.5,6.2,3.5,1.6,0.8,4,2.5,20.1,Cade Cunningham
90,90,33.2,6.3,13.4,0.47,1.2,3.6,0.345,5.1,9.9,0.516,0.516,2.8,3.8,0.75,0.8,4,4.8,3.9,1.1,0.2,2.7,1.9,16.7,Ayo Dosunmu
91,91,30.8,3.8,9.6,0.394,1.3,3.4,0.377,2.5,6.3,0.404,0.46,2.7,3.5,0.769,0.7,3.5,4.2,3.2,1.1,0.3,2.4,2.8,11.5,David Duke
92,84,31.6,4.6,9.8,0.469,1.6,4.1,0.395,3,5.7,0.522,0.551,2.4,3,0.789,1.7,4.8,6.5,1.2,1,1.3,1.5,2.4,13.3,Kessler Edwards
127,118,27.1,6.9,12.6,0.546,0.9,2.6,0.367,5.9,10,0.592,0.583,3.5,5,0.701,2.7,4.6,7.3,1.2,0.5,1.2,1.4,2.4,18.2,Luka Garza
90,52,18.5,2.4,5.3,0.458,0.3,1.1,0.262,2.1,4.1,0.512,0.486,1.7,2.3,0.732,1,2.9,3.9,1.4,1,0.5,1.5,2.2,6.8,Raiquan Gray
96,87,29.3,4.2,10.3,0.411,2,5.6,0.366,2.2,4.7,0.464,0.51,2,2.9,0.701,0.9,3,3.9,2.2,0.9,0.2,2,2.3,12.5,Quentin Grimes
126,121,31.6,4.7,9.7,0.483,2.5,5.6,0.439,2.2,4.1,0.543,0.61,1.5,1.7,0.88,1,5.2,6.1,2.1,0.8,0.5,1.1,2.1,13.3,Sam Hauser
97,77,27.2,3.8,8.3,0.457,0.7,2.2,0.333,3.1,6.1,0.501,0.501,1.7,2.3,0.729,1.1,3.5,4.6,2.6,0.9,0.7,2,1.9,10,Aaron Henry
23,9,13.4,1,2.7,0.355,0.1,0.6,0.231,0.8,2.1,0.388,0.379,1,1.4,0.75,0.5,1.2,1.7,0.3,0.4,0.3,1.3,1.7,3.1,Isaiah Jackson
112,80,15.2,2.3,3.8,0.625,0,0.1,0.167,2.3,3.7,0.631,0.626,1.2,2.3,0.521,1.3,2.2,3.7,0.6,0.4,0.7,1.4,2.4,5.9,David Johnson
123,37,16.5,1.9,4.5,0.414,1.1,2.9,0.371,0.8,1.6,0.49,0.532,0.8,1,0.856,0.7,1.7,2.4,0.8,0.4,0.5,0.7,1.3,5.6,Jalen Johnson
128,115,30.8,4.9,11.5,0.429,2.3,5.8,0.399,2.6,5.7,0.459,0.529,4,4.8,0.848,0.4,2.7,3.1,2.1,0.7,0,1.7,1.9,16.2,Keon Johnson
60,13,13.7,2,4,0.511,0.2,0.7,0.3,1.8,3.3,0.553,0.536,0.8,1.7,0.5,0.8,1.9,2.7,0.7,0.5,1.2,1.2,1.9,5.1,Herbert Jones
53,14,19.7,2.3,4.1,0.553,0.4,1.1,0.345,1.9,3,0.627,0.598,1.2,1.8,0.677,1.5,2.5,4,0.5,0.7,1,1.1,2.3,6.2,Kai Jones
118,106,33.2,5.6,12.5,0.447,1,3.2,0.325,4.5,9.3,0.489,0.489,3.7,4.6,0.79,0.6,4.1,4.7,4.7,1.4,0.1,2.2,1.7,15.9,Carlik Jones
85,57,25.5,4.3,10,0.431,1.3,3.8,0.352,3,6.2,0.479,0.498,1.6,1.8,0.853,0.7,2.9,3.6,1.2,0.6,0.2,1.2,1.6,11.6,Johnny Juzang
137,108,27.4,4.1,8.4,0.483,2,4.8,0.408,2.1,3.6,0.585,0.601,1.5,1.8,0.824,1,3.1,4,1.4,0.7,0.4,1,1.6,11.6,Corey Kispert
151,118,25.7,4,9.2,0.44,0.6,2.1,0.291,3.4,7.1,0.485,0.474,1.9,3.3,0.586,1.2,3.2,4.3,2.7,0.8,0.2,2.5,2.6,10.6,Aj Lawson
51,31,27.6,2.7,6.2,0.443,0.7,2.1,0.343,2,4.1,0.493,0.5,2,2.7,0.759,0.9,2.5,3.4,1.1,1.4,1.1,1.4,2.3,8.2,Scottie Lewis
119,69,23.4,2.9,6.3,0.465,1.4,3.3,0.412,1.5,2.9,0.526,0.575,1.1,1.3,0.856,0.9,2.9,3.8,0.9,0.5,0.5,0.8,1.6,8.3,Isaiah Livers
2,2,24,3.5,7,0.5,0,1.5,0,3.5,5.5,0.636,0.5,4.5,5,0.9,1,5,6,2,0,1,4.5,3.5,11.5,Makur Maker
115,79,24.4,3.5,7.6,0.459,0.9,2.6,0.339,2.6,5,0.521,0.517,1.7,2.6,0.663,1.7,4,5.7,1.6,0.6,0.7,1.6,2,9.6,Sandro Mamukelashvili
53,28,24.4,3.6,8.5,0.422,1.3,3.6,0.349,2.3,4.9,0.477,0.497,1.8,2.2,0.788,0.5,3.1,3.6,1.9,0.9,0.1,1.9,2.1,10.2,Tre Mann
159,66,17.8,2.8,6.8,0.413,1.1,3.3,0.339,1.7,3.5,0.481,0.494,1.3,1.8,0.689,0.9,2.7,3.6,0.9,0.8,0.5,1,1.7,8,Matthew Mayer
60,30,28,4.3,10.3,0.419,1.2,3.2,0.368,3.2,7.1,0.442,0.476,2.8,3.6,0.785,0.8,2.3,3.1,3.3,1.5,0.4,1.6,1.7,12.6,Miles Mcbride
94,60,27.1,3.3,7.1,0.459,1.2,3.2,0.376,2.1,4,0.525,0.542,1.2,1.9,0.657,0.4,1.8,2.1,3.6,1.3,0.2,1.9,2.4,9,Davion Mitchell
33,33,33.9,6,10.3,0.578,0.4,1.2,0.3,5.6,9.1,0.615,0.595,4.1,5.8,0.694,2.7,5.9,8.7,2.4,0.8,2.9,2.2,1.8,16.4,Evan Mobley
95,72,27.5,3.7,8.1,0.46,0.7,2,0.36,3,6.1,0.492,0.504,2,3.3,0.596,2.1,4.9,7,2,0.6,0.8,1.5,2.2,10.1,Isaiah Mobley
32,32,33.8,5.2,12.1,0.427,1.8,5.1,0.358,3.3,7,0.478,0.503,4.7,5.8,0.812,2,3.8,5.8,1.6,1,0.7,1.6,2.3,16.8,Moses Moody
116,70,20.1,2.2,4.6,0.484,0.5,1.5,0.318,1.8,3.1,0.565,0.536,0.7,1.1,0.653,1,2.3,3.3,0.6,0.4,1.2,0.9,1.7,5.7,Yves Pons
82,73,34.1,4.9,9.8,0.498,1,2.7,0.357,3.9,7.1,0.551,0.547,1.8,2.6,0.703,0.8,4.8,5.6,5.9,1.2,0.1,2.6,1.2,12.6,Jason Preston
30,19,22.5,2.8,6.5,0.431,1.4,3.8,0.381,1.4,2.7,0.5,0.541,1.1,1.5,0.75,1,2.3,3.4,0.8,0.6,0.3,1.4,1.7,8.1,Joshua Primo
86,84,28,5.1,8.7,0.594,0,0.1,0.375,5.1,8.6,0.596,0.596,2.9,4.4,0.646,2.5,6.5,9,2,0.7,2.5,2.5,2.7,13.2,Neemias Queta
122,67,24.5,3.3,7.8,0.421,1.3,3.7,0.347,2,4.1,0.487,0.503,2.9,3.5,0.844,0.5,3.3,3.8,2.6,0.7,0.3,1.7,1.5,10.8,Austin Reaves
56,56,33.5,4.8,10,0.478,0.8,2.6,0.301,4,7.4,0.54,0.517,2.5,3.2,0.768,2.5,6.4,9,2.1,1.1,0.6,1.9,2.3,12.8,Jeremiah Robinson-earl
119,77,20.5,2.7,4.3,0.639,0,0,0,2.7,4.3,0.64,0.639,1.2,2.2,0.524,1.8,3.6,5.4,0.4,0.4,0.8,1.2,2.2,6.6,Jericho Sims
25,15,25.9,4.2,9.1,0.467,0.8,1.8,0.435,3.4,7.2,0.475,0.511,3.2,4,0.81,1,2.5,3.5,2.9,1.2,0.4,2.4,2,12.5,Jaden Springer
24,22,30.8,4.7,11,0.426,1.8,5.3,0.341,2.9,5.8,0.504,0.508,1.8,2.2,0.811,1.2,2.7,3.9,2.4,1.1,0.6,2,1.2,13,Dj Steward
27,27,23,3.1,7.1,0.44,0.8,2.7,0.297,2.3,4.3,0.53,0.497,2.3,3.1,0.741,1.6,3.4,5,0.9,0.8,1.4,1.6,2,9.4,Jt Thor
63,29,27.8,2.7,6.1,0.441,0.1,0.4,0.25,3.6,7.2,0.447,0.445,1.9,2.4,0.8,,,3.4,7.2,2.1,0.1,2.9,2.3,7.3,Duane Washington
59,58,33,5.5,11.4,0.484,0.6,2.1,0.29,4.9,9.3,0.528,0.511,3.2,4.8,0.662,1.9,5.4,7.3,2.3,1,0.7,2.6,2.3,14.9,Trendon Watford
97,97,29.7,4.4,9.5,0.467,1.9,4.6,0.412,2.5,4.9,0.519,0.567,2.5,3.2,0.771,1.3,4.5,5.8,1.5,0.9,0.4,1.4,1.6,13.2,Joe Wieskamp
96,50,28.2,3.9,9.6,0.407,1.8,5,0.361,2.1,4.6,0.456,0.5,1.4,1.8,0.769,1.1,3.6,4.6,1.6,0.9,0.4,1.4,1.8,11,Aaron Wiggins
20,14,27.9,3.8,10.2,0.374,1.2,4,0.291,2.7,6.2,0.427,0.431,2,2.5,0.796,0.5,4.1,4.6,2.2,0.9,0.6,2.9,2.4,10.7,Ziaire Williams
111,87,25.2,4.2,8.5,0.492,0.2,1,0.23,4,7.5,0.528,0.506,1.5,2.6,0.604,1.6,3.9,5.5,1.1,0.8,1,1.7,2.2,10.2,Moses Wright
92,75,32.2,5,10.5,0.471,2.3,5.5,0.423,2.6,5,0.523,0.582,1.8,2.3,0.772,0.3,3.2,3.5,4.2,1.1,0.1,2.2,1.9,14.1,Marcus Zegarowski
31,31,30.4,5.9,11.9,0.493,0.4,1.3,0.325,5.5,10.6,0.514,0.511,3.6,6,0.599,3,7.8,10.8,1,1.1,1.9,2.8,2.4,15.8,Precious Achiuwa
98,66,28.2,4.1,9.8,0.418,2.1,5.8,0.372,1.9,4,0.485,0.528,2.4,2.9,0.813,0.3,3.4,3.7,2.3,0.9,0.2,1.6,1.6,12.7,Ty-shon Alexander
99,87,25,4,7.6,0.53,0.2,0.6,0.305,3.8,7,0.549,0.542,3,4.1,0.747,1.9,6.2,8.1,0.9,1,1,1.9,2.3,11.2,Tyler Bey
119,111,30.7,6.7,12.5,0.537,0.6,1.6,0.356,6.2,10.9,0.564,0.56,3,4.8,0.636,2,6.9,8.8,1.9,0.8,1.3,2.2,2.5,17.1,Yoeli Childs
134,52,20.9,3,5.6,0.524,0.2,0.6,0.337,2.7,5,0.547,0.542,1.3,1.8,0.72,1.2,2.9,4.1,0.3,0.5,1.2,1,2.2,7.4,Mamadi Diakite
66,66,33.6,5,10.5,0.474,1.1,3.2,0.332,3.9,7.3,0.538,0.525,3.9,4.8,0.808,0.6,3.3,3.8,3.7,1.7,0.1,2.3,2.2,14.9,Devon Dotson
64,60,32.2,5.7,13.8,0.413,2,5.4,0.367,3.7,8.4,0.443,0.485,3.2,4.2,0.749,1.4,6.1,7.5,2.4,1.4,0.7,2.6,2.8,16.6,Cj Elleby
137,69,25.4,2.8,6.2,0.462,0.2,0.8,0.248,2.6,5.4,0.494,0.478,2.5,3.3,0.748,1,3.1,4.1,3.3,1.6,0.3,1.9,1.5,8.3,Trent Forrest
67,59,30.6,3.1,7.1,0.432,0.4,1.7,0.265,2.6,5.5,0.484,0.463,2.8,3.5,0.791,0.4,2.7,3.2,5.2,1.8,0.1,2.9,2.3,9.4,Ashton Hagans
13,2,8.7,0.5,1.8,0.25,0.3,0.8,0.364,0.2,1,0.154,0.333,0.5,0.8,0.6,0,0.5,0.5,1.2,0.5,0,1.3,1.1,1.7,Jalen Harris
128,121,30.1,6.8,15.2,0.444,3.4,7.9,0.427,3.4,7.3,0.463,0.556,4.7,5.3,0.882,0.4,2.8,3.2,3.1,1,0,3,2.4,21.6,Markus Howard
91,73,30.7,4.5,11,0.411,2.1,6.1,0.342,2.4,4.9,0.497,0.506,2.8,3.7,0.763,0.5,3.5,4,2.1,1,0.7,1.8,1.9,13.9,Elijah Hughes
60,59,32.7,4.7,12,0.39,3.5,9.1,0.378,1.2,2.8,0.429,0.534,2.4,2.9,0.827,0.6,2.8,3.4,1.7,1.5,0.2,1.5,1.9,15.2,Isaiah Joe
65,56,31.5,5,11.7,0.431,2.2,6.2,0.358,2.8,5.5,0.513,0.526,5.4,6.5,0.819,0.6,4,4.6,3.1,1.2,0.2,2.5,2.7,17.6,Mason Jones
125,98,26.6,6.1,10.9,0.56,0.4,1.5,0.283,5.7,9.4,0.604,0.579,4.5,6.1,0.736,2.2,5.6,7.7,2.1,0.5,1.8,2.2,3,17.1,Nathan Knight
99,82,30.9,4.6,10.4,0.439,1.1,3.7,0.289,3.5,6.7,0.524,0.491,2.7,3.7,0.725,1.1,4.9,5.9,3,1,0.3,2.7,2.3,12.9,Naji Marshall
116,97,25,4.4,7.5,0.586,0,0.1,0.222,4.4,7.5,0.59,0.587,2.2,3.7,0.581,2.5,7.2,7.5,1.2,1.1,2.5,1.6,2.9,11,Kenyon Martin
130,121,30.5,4,9,0.445,1.3,3.9,0.345,2.7,5.1,0.52,0.519,3.1,3.7,0.845,0.5,3.1,3.6,2.9,1.6,0.2,1.8,1.7,12.4,Skylar Mays
32,32,30.7,5.6,9.8,0.57,0.2,0.5,0.294,5.4,9.3,0.586,0.578,4.8,6.3,0.76,3.1,5.5,8.6,0.8,0.7,0.9,2.2,2.4,16.1,Zeke Nnaji
93,59,26.3,4.7,10.6,0.445,1.9,4.9,0.394,2.8,5.7,0.489,0.535,2.6,3.3,0.785,1.2,4.9,6,1,0.8,0.2,1.8,1.9,13.9,Jordan Nwora
129,97,30.8,5.7,13.6,0.421,2.7,7.8,0.346,3,5.8,0.522,0.52,3.3,4.1,0.814,0.7,2.6,3.3,2.3,1.3,0.2,2.2,2.2,17.5,Myles Powell
67,27,25,2.9,7.1,0.403,1.4,3.5,0.397,1.5,3.7,0.409,0.499,2.9,3.3,0.895,0.3,2.6,2.9,1.5,0.6,0.1,1.2,1.7,10.1,Immanuel Quickley
132,123,32.3,6.7,12.8,0.519,1.4,4,0.356,5.3,8.9,0.593,0.574,4,5,0.796,0.5,2.8,3.3,2.8,1.3,0.3,2.2,1.9,18.7,Grant Riller
64,64,28.9,4.9,9.5,0.516,0.8,2.5,0.323,4.1,7,0.584,0.558,2.9,4.1,0.709,3,5.7,8.6,0.8,0.6,1.8,1.5,2.2,13.5,Jalen Smith
29,29,27.4,4.4,9.3,0.474,1.1,3,0.36,3.3,6.3,0.527,0.531,2.7,3.6,0.733,1.9,3,4.9,1,0.7,0.7,1.9,2.2,12.6,Cassius Stanley
135,135,32.2,5.9,13.6,0.435,0.6,2.3,0.276,5.3,11.3,0.468,0.458,3.8,5.2,0.738,1.5,5,6.5,1.9,0.8,0.9,2.4,2.6,16.3,Lamar Stevens
122,60,20.1,2,5.6,0.365,1,3,0.325,1,2.5,0.412,0.453,1.2,1.5,0.792,0.3,1.8,1.8,1.9,0.6,0.3,2.2,2.4,6.2,Isaiah Stewart
31,31,32.6,4.7,10.7,0.441,2,4.9,0.408,2.7,5.8,0.47,0.535,3.2,3.5,0.891,0.4,4.1,4.5,3.2,1.4,0.1,2.6,2.1,14.6,Tyrell Terry
108,59,20.3,3.6,6.5,0.548,1,2.2,0.444,2.6,4.3,0.603,0.624,1.4,1.8,0.75,1.2,3.4,4.6,1.4,0.8,0.7,1,2.3,9.5,Killian Tillie
105,45,21.3,3.3,5.7,0.582,0.2,0.7,0.273,3.1,5,0.628,0.599,1.9,2.7,0.695,2,4.6,6.6,1.6,0.8,1.5,1.3,2.2,8.7,Xavier Tillman
96,92,25.3,4.3,8.6,0.495,0.8,2,0.385,3.5,6.6,0.529,0.54,3.6,4.9,0.729,2.4,4.6,7,1.6,0.8,0.8,1.9,3,12.9,Kaleb Wesson
18,8,12.8,1.3,3.4,0.371,0.2,0.9,0.25,1.1,2.6,0.413,0.403,0.6,1.3,0.435,0.8,0.9,1.7,0.4,0.3,0.2,0.8,1.3,3.3,Kahlil Whitney
139,108,28.8,4.7,10.1,0.461,1.9,4.3,0.43,2.8,5.8,0.484,0.553,3,3.5,0.845,0.2,2.5,2.7,6.4,0.9,0.1,2.7,2,14.2,Cassius Winston
97,18,13.8,1.7,3.6,0.474,0.1,0.1,0.429,1.6,3.4,0.476,0.483,0.9,1.5,0.641,,,2.5,0.9,0.6,0,1.1,1.4,4.4,Robert Woodard
67,67,29.9,4.7,10.1,0.464,1.7,4.5,0.383,3,5.6,0.529,0.549,2.4,3.1,0.763,0.6,3.4,4,2.7,1.4,0.5,2.2,1.9,13.5,Nickeil Alexander-walker
38,38,35.3,8.4,18.5,0.454,1.9,6.2,0.308,6.5,12.2,0.529,0.506,3.9,5.9,0.665,1.6,6,7.6,4.3,0.9,0.4,3.2,1.8,22.6,Rj Barrett
72,72,30.5,6.1,10.2,0.596,0.4,1.3,0.319,5.7,9,0.636,0.616,3.3,4.3,0.768,3,7.5,10.5,0.8,0.6,2.6,2.5,2.5,15.9,Charles Bassey
9,9,29.8,8.2,14.7,0.561,1.4,2.8,0.52,6.8,11.9,0.57,0.61,3.1,4.1,0.757,2.1,7.4,9.6,1,0.8,2.7,2,1.7,21,Bol Bol
95,87,26.1,3.6,8.4,0.424,1,2.7,0.353,2.6,5.7,0.458,0.481,1.6,2,0.817,0.3,2.1,2.4,4.3,0.7,0.1,1.6,1.2,9.7,Jordan Bone
98,94,35.5,5.9,13.6,0.433,2.3,5.8,0.388,3.6,7.8,0.466,0.516,2.9,3.9,0.762,0.8,5.6,6.4,3.9,1.3,0.3,3,2.6,16.9,Ky Bowman
37,37,29.6,5.1,11,0.462,1.5,3.9,0.392,3.6,7.1,0.5,0.531,3.1,4.1,0.773,1.2,4.3,5.4,0.8,0.7,0.5,1.2,2.1,14.8,Ignas Brazdeikis
32,31,23.4,4.2,6.8,0.607,0,0,,4.2,6.8,0.607,0.607,1.4,4,0.352,3.4,4.9,8.3,0.3,0.6,1.9,1.5,2.3,9.7,Moses Brown
98,69,27.8,6,9.3,0.639,0.1,0.2,0.25,5.9,9.1,0.649,0.642,2.5,4,0.618,2.7,4.9,7.7,1.9,1,2.4,1.5,2.2,14.5,Brandon Clarke
65,37,23,2.8,6.1,0.457,0.4,1.3,0.302,2.4,4.8,0.5,0.49,2.4,4,0.611,2,4.2,6.2,1,0.6,1.9,1.4,2.3,8.4,Nicolas Claxton
93,92,28,5.3,9.8,0.542,0,0.2,0.143,5.3,9.6,0.552,0.544,3.5,5.5,0.639,2.1,4.5,6.7,1.8,0.7,0.5,2.6,2.5,14.1,Tyler Cook
75,58,29.5,5.3,11.6,0.459,1.4,4.1,0.341,3.9,7.5,0.522,0.518,2.9,4.2,0.687,1.2,4.4,5.6,2.8,1.3,0.6,2.1,2,14.9,Jarrett Culver
121,82,24.3,4.5,10.2,0.445,1.5,4.3,0.339,3.1,5.9,0.522,0.516,2,2.7,0.717,1.2,3.8,4.9,2.1,1.2,0.6,2,2.6,12.5,Terence Davis
34,33,31.5,5.1,12.6,0.405,1.6,5.2,0.307,3.5,7.5,0.472,0.467,4.3,6.1,0.7,1.3,3,4.3,2.3,1.5,0.2,2.9,3,16.1,Luguentz Dort
66,66,33.6,5,10.5,0.474,1.1,3.2,0.332,3.9,7.3,0.538,0.525,3.9,4.8,0.808,0.6,3.3,3.8,3.7,1.7,0.1,2.3,2.2,14.9,Devon Dotson
108,94,29.4,5.9,14.2,0.412,2.6,7.1,0.368,3.3,7.2,0.455,0.504,3.4,4.2,0.817,0.4,3,3.4,2.5,1.2,0.2,2.2,1.9,17.8,Carsen Edwards
115,110,23,4.3,5.8,0.74,0,0,0,4.3,5.8,0.741,0.74,1.4,3.3,0.432,2.7,5,7.7,0.4,0.2,2.4,2.1,2.6,10.1,Tacko Fall
64,53,26.4,4.5,7.6,0.595,0.1,0.2,0.308,4.5,7.4,0.603,0.599,2.9,3.8,0.763,2.3,6.5,8.7,1.4,0.5,1.6,2.3,2.8,12,Bruno Fernando
5,5,27.8,5.8,10.8,0.537,2.2,4.6,0.478,3.6,6.2,0.581,0.639,2.4,3.2,0.75,0.4,3.4,3.8,2.6,0.8,0.4,3,1.4,16.2,Darius Garland
96,87,29.3,4.2,10.3,0.411,2,5.6,0.366,2.2,4.7,0.464,0.51,2,2.9,0.701,0.9,3,3.9,2.2,0.9,0.2,2,2.3,12.5,Quentin Grimes
106,78,29.1,4.4,10.1,0.433,2.4,5.6,0.425,2,4.5,0.444,0.552,1.3,1.6,0.806,0.4,2.6,3,1.6,0.7,0,1.1,1.1,12.5,Kyle Guy
64,48,28.3,4.1,9.9,0.409,1.7,4.6,0.373,2.4,5.4,0.44,0.495,2.3,3,0.762,0.5,3.3,3.8,4.4,1.2,0.2,2.5,1.4,12.1,Jaylen Hands
37,37,32.6,5,10.9,0.462,1.6,4.6,0.355,3.4,6.3,0.538,0.536,2.4,2.5,0.935,0.4,4.1,4.5,2.5,1.1,0.3,1.6,1.3,14,Tyler Herro
35,34,27.2,4.4,10.9,0.406,1.4,4.5,0.308,3,6.4,0.475,0.47,1.6,2.5,0.625,0.7,4.2,4.9,2.3,1.3,0.7,1.7,2.3,11.8,Talen Horton-tucker
85,47,23.6,3.6,6.7,0.53,0.9,2.5,0.377,2.6,4.2,0.62,0.6,1.8,2.4,0.77,1.5,3.5,5,1.2,0.8,1.1,1.3,2.8,9.9,Daquan Jeffries
105,76,26.4,3.5,8,0.435,1.6,4,0.392,1.9,3.9,0.479,0.534,1.1,1.4,0.788,0.3,2.8,3,3.7,1.2,0,1.4,1.9,9.6,Ty Jerome
37,36,30.7,4.6,10.1,0.461,1.2,3.2,0.381,3.4,6.9,0.498,0.521,2.9,4.2,0.703,1.3,4.5,5.9,1.6,0.8,0.2,1.6,2.2,13.5,Keldon Johnson
118,79,19.9,3.7,8,0.464,0,0,0.333,3.7,8,0.465,0.465,2.6,4.3,0.611,2.1,3.3,5.4,0.7,0.9,0.5,2,3.2,10.1,Cameron Johnson
71,0,18.3,3.5,7,0.498,0.5,1.3,0.374,3,5.8,0.526,0.532,2.8,3.9,0.724,2,3.3,5.3,0.3,0.5,1.2,1.2,2.4,10.3,Mfiondu Kabengele
31,28,30.4,4.8,11,0.435,1.9,4.9,0.386,2.9,6,0.476,0.522,2,2.5,0.785,1.3,4.2,5.5,1.3,0.9,0.2,2.1,2.5,13.5,Louis King
32,32,34.1,5.5,12.3,0.448,1.1,3.9,0.272,4.5,8.4,0.53,0.491,4.4,6.1,0.722,1.4,4,5.4,2.3,0.8,0.8,2.1,1.9,16.5,Romeo Langford
101,100,33.1,6.4,14.1,0.455,0.9,2.8,0.332,5.5,11.3,0.485,0.488,4.4,5.9,0.757,3,6.8,9.9,2.5,1.2,1.6,2.6,2.6,18.2,Dedric Lawson
36,0,18.2,3.6,7.6,0.478,0.4,1.4,0.269,3.3,6.2,0.527,0.504,2.1,2.8,0.77,1.6,3,4.6,0.7,0.5,0.5,1.3,1.6,9.8,Nassir Little
140,101,25.9,3.6,6.5,0.552,0.4,1.2,0.327,3.2,5.4,0.601,0.581,1.8,2.8,0.67,1.9,3.2,5.1,1.9,0.8,0.2,1.4,2,9.4,Terance Mann
122,87,28.9,3.7,7.4,0.501,0.4,1.3,0.325,3.3,6.1,0.539,0.529,1.9,2.7,0.689,1.4,3.2,4.6,3.6,1.3,0.8,1.6,2.3,9.7,Cody Martin
111,78,24.1,3.4,7.4,0.464,0.6,1.9,0.308,2.9,5.5,0.517,0.503,1.6,2.8,0.576,1.2,2.9,4.1,1.4,0.7,0.4,1.4,1.6,9.1,Charles Matthews
67,55,27.9,5,10,0.504,0.4,1.4,0.298,4.6,8.6,0.538,0.525,2.7,3.6,0.758,2.1,5.8,7.9,1.5,1,0.5,1.8,2.6,13.2,Jalen Mcdaniels
70,67,33.5,6,12.6,0.476,1.3,3.2,0.396,4.7,9.4,0.504,0.527,2.8,3.5,0.789,1,3.7,4.6,2.9,1.2,0.3,2.7,2.5,16.1,Jaylen Nowell
93,59,26.3,4.7,10.6,0.445,1.9,4.9,0.394,2.8,5.7,0.489,0.535,2.6,3.3,0.785,1.2,4.9,6,1,0.8,0.2,1.8,1.9,13.9,Jordan Nwora
72,38,25.5,3.6,7.5,0.481,1.2,3.2,0.389,2.4,4.3,0.55,0.564,1.4,2,0.703,2.4,3.9,6.3,1.5,1.3,1,1.3,1.9,9.9,Chuma Okeke
87,82,31.7,5.2,12.1,0.428,2,5.6,0.356,3.2,6.5,0.49,0.51,2.7,3.5,0.777,0.8,5.4,6.2,3.3,0.9,1,2.6,2.8,15,Miye Oni
137,109,29.6,4.3,9.2,0.468,1.2,3.7,0.331,3.1,5.4,0.562,0.535,2.5,3.2,0.765,1.5,3.6,5.1,1.5,0.7,0.5,1.9,2.3,12.3,Eric Paschall
96,96,35.2,6.6,15.1,0.436,1.9,5.9,0.328,4.6,9.1,0.507,0.501,4.4,5.2,0.84,1.1,3.4,4.5,4.3,2.3,0.2,2.2,1.8,19.5,Shamorie Ponds
75,37,22.7,3.1,7.3,0.434,1.5,4.1,0.37,1.6,3.1,0.519,0.54,1.6,1.9,0.831,0.1,2,2.2,1.4,0.8,0.2,1.1,1.5,9.4,Jordan Poole
33,7,24.5,3.2,7.2,0.437,1.2,3.3,0.364,1.9,3.9,0.5,0.521,2.4,3.2,0.75,1.5,5.3,6.8,2.2,0.8,1.7,1.9,2.9,9.9,Jontay Porter
86,84,28,5.1,8.7,0.594,0,0.1,0.375,5.1,8.6,0.596,0.596,2.9,4.4,0.646,2.5,6.5,9,2,0.7,2.5,2.5,2.7,13.2,Neemias Queta
34,32,27.2,5,10.7,0.468,0.8,2.5,0.333,4.2,8.3,0.509,0.507,2.7,3.8,0.727,2.5,4.7,7.2,0.9,0.7,0.7,2.5,3.2,13.6,Naz Reid
97,52,23.9,2.9,6.1,0.476,0.5,1.5,0.336,2.4,4.6,0.523,0.518,1.8,2.6,0.702,1.6,3.9,5.5,1.5,0.8,1.6,1.6,2.8,8.1,Isaiah Roby
132,95,24.9,4.4,9.7,0.458,1.4,3.6,0.387,3,6.1,0.501,0.53,1.6,2.1,0.763,1.3,4.1,5.3,1.3,0.7,0.4,1.4,2.6,11.9,Admiral Schofield
137,57,20.7,3.3,7.1,0.47,0.9,2.4,0.381,2.4,4.6,0.516,0.535,1.4,1.7,0.787,0.5,2.2,2.7,1.3,0.7,0.2,1.3,1.5,8.9,Marial Shayok
32,31,26.7,4.1,8.8,0.468,0,0.6,0.056,4.1,8.2,0.496,0.47,2.7,4.7,0.576,1.6,5.1,6.7,1.8,0.7,0.5,2.9,2.3,10.9,Simisola Shittu
108,59,20.3,3.6,6.5,0.548,1,2.2,0.444,2.6,4.3,0.603,0.624,1.4,1.8,0.75,1.2,3.4,4.6,1.4,0.8,0.7,1,2.3,9.5,Killian Tillie
66,61,32.7,5.2,12.2,0.423,1.9,5.7,0.34,3.2,6.5,0.496,0.503,3.3,4.2,0.807,0.3,2.8,3.1,5.9,2.5,0.1,3.2,2.1,15.6,Tremont Waters
131,117,31.2,5.4,11.2,0.48,1.4,3.9,0.368,4,7.4,0.539,0.544,3.2,4,0.788,1.4,3.7,5.2,2.4,1.5,0.4,2.3,2.3,15.4,Quinndary Weatherspoon
35,35,28.5,5.4,12.7,0.423,2.3,6.6,0.353,3,6.1,0.5,0.516,3,3.7,0.8,0.3,3.2,3.5,4.1,1.1,0.3,2.7,1.9,16.1,Coby White
66,65,30.8,5.5,12.6,0.436,1.9,5.5,0.343,3.6,7.1,0.509,0.511,2.6,3.9,0.664,1.2,3.6,4.8,1.7,0.7,0.5,1.6,2.3,15.5,Kris Wilkes
104,101,28.9,5.3,10.2,0.516,0.3,1,0.291,5,9.2,0.54,0.53,4.8,6.4,0.758,2.5,4,6.5,2.1,0.9,1.5,2.1,3.2,15.7,Grant Williams
33,33,30,9,13.2,0.68,0.7,2.2,0.338,8.2,11,0.747,0.708,3.9,6.2,0.64,3.5,5.4,8.9,2.1,2.1,1.8,2.4,2.1,22.6,Zion Williamson
128,97,29.4,4.6,8.6,0.541,1.7,4.2,0.406,2.9,4.4,0.669,0.64,2.2,2.9,0.761,1.6,6.2,7.8,2,1,0.8,1.6,2.4,13.2,Dylan Windler